0r0,character,
1_eye,general,
1_horn,general,horn
2_fingers,general,fingers
2_heads,general,multi_head
2_horns,general,horn
2_panel_comic,meta,comic
2_penises,general,multi_penis
2_tails,general,multi_tail
2_toes,general,toes
3_claws,general,claws
3_eyes,general,multi_eye
3_fingers,general,fingers
3_heads,general,multi_head
3_horns,general,multi_horn
3_tails,general,multi_tail
3_toes,general,toes
3d_(artwork),meta,digital_media_(artwork)
3d_background,general,"3d_(artwork),mixed_media"
4_arms,general,multi_arm
4_balls,general,multi_balls
4_breasts,general,multi_breast
4_claws,general,claws
4_ears,general,multi_ear
4_eyes,general,multi_eye
4_fingers,general,fingers
4_horns,general,multi_horn
4_legs,general,
4_missing_limbs,general,quadruple_amputee
4_panel_comic,meta,comic
4_toes,general,toes
4_wings,general,multi_wing
4th_of_july,copyright,holidays
5_eyes,general,multi_eye
5_fingers,general,fingers
5_toes,general,toes
69_position,general,"oral,sex"
6_arms,general,multi_arm
6_breasts,general,multi_breast
6_eyes,general,multi_eye
6_nipples,general,multi_nipple
808_(hi-fi_rush),character,
9_tails,general,multi_tail
:<,general,closed_frown
:o,general,open_mouth
>_<,general,eyes_closed
^_^,general,"eyes_closed,smile"
a-chan,character,
aak_(arknights),character,
aamon_(james_howard),character,
aardvark,species,mammal
aardwolf,species,hyena
abdominal_bulge,general,
abra,species,pokemon_(species)
abs,general,
absol,species,pokemon_(species)
absolute_territory,general,
absolutely_everyone,general,group
absorption_vore,general,vore
abstract_art,general,
abstract_background,general,
abuse,general,
abyssal_wolf,species,wolf
accessory,general,
accident,general,
accidental_exposure,general,accident
accipitrid,species,accipitriform
accipitriform,species,bird
acoustic_guitar,general,guitar
acrador,species,
action_pose,general,pose
adelia_(changbae),character,
adolescent,general,young
adolescent_anthro,general,"adolescent,anthro"
adolescent_on_adolescent,general,adolescent
adorabat,character,
advertisement,general,
aeris_(vg_cats),character,
aeromorph,species,living_aircraft
afghan_hound,species,sighthound
african_wild_dog,species,canine
afro,general,hair
after_anal,general,
after_anal_penetration,general,"after_anal,after_penetration"
after_fellatio,general,"after_oral,after_sex"
after_kiss,general,
after_masturbation,general,
after_oral,general,
after_orgasm,general,
after_penetration,general,
after_rape,general,after_sex
after_sex,general,
after_transformation,general,
after_vaginal,general,
after_vaginal_penetration,general,"after_penetration,after_vaginal"
after_vore,general,vore
afterglow,general,
afterimage,general,
against_surface,general,
against_tree,general,"against_surface,tree"
against_wall,general,against_surface
agamid,species,lizard
age_difference,general,
age_regression,general,
aged_down,general,
aged_up,general,
ageplay,general,roleplay
aggretsuko,copyright,
aggron,species,pokemon_(species)
agumon,species,digimon_(species)
agyo_(tas),character,
ahegao,general,looking_pleasured
ahoge,general,hair
ahri_(lol),character,
ahsoka_tano,character,
ailurid,species,mammal
air_bubble,general,bubble
air_humanoid,species,elemental_humanoid
air_inflation,general,inflation
aircraft,general,vehicle
airplane,general,aircraft
aisha_clanclan,character,
aisyah_zaskia_harnny,character,
akari_(pokemon),character,
akita,species,spitz
akita_inu,species,akita
alarm_clock,general,clock
alaskan_malamute,species,nordic_sled_dog
alastor_(hazbin_hotel),character,
albino,general,white_body
alcid,species,lari
alcohol,general,beverage
alcohol_bottle,general,beverage_bottle
alcremie,species,pokemon_(species)
aleu_(balto),character,
alex_(harmarist),character,
alex_marx,character,
aliasing,meta,digital_media_(artwork)
alien,species,
alien_humanoid,species,"alien,humanoid"
all_fours,general,
all_the_way_through,general,penetration
all_three_filled,general,"anal_penetration,oral_penetration,vaginal_penetration"
alley,general,
alligator,species,alligatorid
alligatorid,species,crocodilian
allosauroid,species,theropod
allosaurus,species,allosauroid
almost_fully_inside,general,
aloe_(mlp),character,friendship_is_magic
aloha_shirt,general,pattern_shirt
alolan_form,species,pokemon_(species)
alolan_meowth,species,alolan_form
alolan_ninetales,species,alolan_form
alolan_raichu,species,alolan_form
alolan_vulpix,species,alolan_form
alopex,character,
alp_(tas),character,
alpaca,species,camelid
alpha_pokemon,species,
alphys,character,
altered_forme_giratina,species,giratina
alternative_fashion,general,clothing
alty,character,
alvin_seville,character,
amaterasu_(okami),character,
amazon_position,general,sex
amber_(snoot_game),character,
ambient_arthropod,species,
ambient_bat,species,
ambient_bird,species,
ambient_butterfly,species,ambient_insect
ambient_crab,species,"ambient_arthropod,ambient_sealife"
ambient_firefly,species,ambient_insect
ambient_fish,species,ambient_sealife
ambient_flier,species,
ambient_fly,species,ambient_insect
ambient_insect,species,ambient_arthropod
ambient_sealife,species,
ambient_silhouette,general,
ambiguous/ambiguous,general,ambiguous_gender
ambiguous_anthro,general,"ambiguous_gender,anthro"
ambiguous_feral,general,"ambiguous_gender,feral"
ambiguous_fluids,general,
ambiguous_focus,general,ambiguous_gender
ambiguous_form,general,
ambiguous_gender,general,
ambiguous_on_human,general,"ambiguous_gender,human"
ambiguous_penetrated,general,"ambiguous_gender,penetration"
ambiguous_penetrating,general,"ambiguous_gender,penetration"
ambiguous_penetration,general,penetration
ambiguous_pred,general,ambiguous_gender
ambiguous_prey,general,ambiguous_gender
american_black_bear,species,black_bear
american_flag,general,"flag,united_states_of_america"
american_flag_bikini,general,flag_bikini
american_opossum,species,marsupial
american_red_fox,species,
american_shorthair,species,domestic_cat
amicus_(adastra),character,
amniotic_fluid,general,genital_fluids
amped_toxtricity,species,toxtricity
ampharos,species,pokemon_(species)
amphibian,species,
amphibian_humanoid,species,"amphibian,animal_humanoid"
amputee,general,
amy_rose,character,
anaconda,species,boinae
anais_watterson,character,
anal,general,
anal_beads,general,sex_toy
anal_beads_in_ass,general,"anal_beads,sex_toy_in_ass"
anal_fingering,general,"anal,fingering"
anal_fisting,general,"anal_penetration,fisting"
anal_fluids,general,bodily_fluids
anal_hair,general,"anus,body_hair"
anal_knotting,general,"anal_penetration,knotting"
anal_masturbation,general,"anal,masturbation"
anal_only,general,
anal_orgasm,general,"hands-free,orgasm"
anal_oviposition,general,oviposition
anal_penetration,general,"anal,penetration"
anal_prolapse,general,prolapse
anal_request,general,sex_request
anal_threading,general,"all_the_way_through,anal_penetration"
anal_tugging,general,anal_penetration
anal_vore,general,"anal,vore"
anatid,species,bird
anatomically_correct,general,
anatomically_correct_anus,general,"anatomically_correct,anus"
anatomically_correct_genitalia,general,"anatomically_correct,genitals"
anatomically_correct_penis,general,"anatomically_correct_genitalia,penis"
anatomically_correct_vulva,general,"anatomically_correct_genitalia,vulva"
ancient_art,meta,
android,species,robot
android_21,character,
andromorph,general,intersex
andromorph/male,general,"andromorph,intersex/male"
andromorph_anthro,general,"andromorph,intersex_anthro"
andromorph_penetrated,general,"andromorph,intersex_penetrated"
angel,species,
angel_(lady_and_the_tramp),character,
angel_(lilo_and_stitch),character,
angel_(mlp),character,friendship_is_magic
angel_dragon,species,
angel_dust,character,
angel_humanoid,species,"angel,humanoid"
angela_cross,character,
angela_flux,character,
anglerfish,species,fish
angoramon,species,digimon_(species)
angry,general,
angus_delaney,character,
animal_crossing,copyright,
animal_dildo,general,dildo
animal_ears,general,
animal_genitalia,general,genitals
animal_head,species,"animal_humanoid,for_a_head"
animal_humanoid,species,humanoid
animal_mask,general,mask
animal_noises,general,sound_effects
animal_penis,general,"animal_genitalia,penis"
animal_print,general,
animal_skin,general,
animal_tail,general,"humanoid,tail"
animal_vulva,general,"animal_genitalia,vulva"
animate_inanimate,species,
animated_skeleton,species,"skeleton,undead"
animatronic,species,robot
anime_nosebleed,general,blood
anisodactyl,general,toes
ankh,general,
ankha_(animal_crossing),character,animal_crossing
ankle_cuffs,general,cuff_(restraint)
ankle_grab,general,leg_grab
ankle_strap_heels,general,straps
ankle_tuft,general,leg_tuft
ankles_tied,general,bound
anklet,general,jewelry
ankylosaurid,species,thyreophoran
annelid,species,
announcing_orgasm,general,
annoyed,general,
anon,character,
anon_(snoot_game),character,
anserine,species,anatid
ant,species,hymenopteran
anteater,species,pilosan
antelope,species,bovid
antennae_(anatomy),general,
anthro,general,
anthro_dominating_human,general,"dominant_anthro,human_on_anthro,submissive_human"
anthro_fingered,general,anthro
anthro_fingering_anthro,general,"anthro_fingered,anthro_on_anthro,fingering_partner"
anthro_focus,general,anthro
anthro_on_anthro,general,anthro
anthro_on_bottom,general,"anthro,on_bottom"
anthro_on_feral,general,"anthro,feral"
anthro_on_top,general,"anthro,on_top"
anthro_penetrated,general,"anthro,penetration"
anthro_penetrating,general,"anthro,penetration"
anthro_penetrating_anthro,general,"anthro_on_anthro,anthro_penetrated,anthro_penetrating,sex"
anthro_penetrating_female,general,"anthro_penetrating,female_on_anthro,female_penetrated"
anthro_penetrating_feral,general,"anthro_on_feral,anthro_penetrating,feral_penetrated,sex"
anthro_penetrating_human,general,"anthro_penetrating,human_on_anthro,human_penetrated,sex"
anthro_penetrating_humanoid,general,"anthro_penetrating,humanoid_on_anthro,humanoid_penetrated,sex"
anthro_penetrating_male,general,"anthro_penetrating,male_on_anthro,male_penetrated"
anthro_pov,general,"anthro,first_person_view"
anthro_pred,general,anthro
anthro_prey,general,anthro
anthrofied,general,anthro
antlers,general,horn
anubian_jackal,species,jackal
anubis,character,deity
anus,general,
anus_focus,general,anus
anus_only,general,anus
anus_outline,general,
anus_peek,general,
anvil_position,general,"from_front_position,legs_up"
apartment,general,
ape,species,haplorhine
apex_build_koraidon,species,pokemon_(species)
aphrodisiac,general,
apode,general,legless
apogee_(tinygaypirate),character,
apollo_(animal_crossing),character,animal_crossing
apology,general,
apple,general,fruit
apple_bloom_(mlp),character,friendship_is_magic
applejack_(mlp),character,friendship_is_magic
appliance,general,
april_fools'_day,copyright,holidays
april_o'neil,character,
apron,general,clothing
apron_only,general,apron
aquatic,species,
aquatic_dragon,species,"aquatic,dragon"
aquatic_humanoid,species,"animal_humanoid,aquatic"
aquilops,species,ceratopsian
ara_(genus),species,macaw
arachne,species,arachnid
arachnid,species,arthropod
arachnid_humanoid,species,"arachnid,arthropod_humanoid"
arbok,species,pokemon_(species)
arcanine,species,pokemon_(species)
arceus,species,pokemon_(species)
arched_back,general,
arctic_fox,species,true_fox
arctic_wolf,species,wolf
areola,general,
areola_slip,general,areola
argonian,species,"scalie,the_elder_scrolls"
argument,general,
arm_around_neck,general,
arm_around_shoulders,general,arm_on_shoulder
arm_fin,general,fin
arm_grab,general,grabbing
arm_hair,general,body_hair
arm_markings,general,markings
arm_on_shoulder,general,
arm_pull,general,
arm_scar,general,scar
arm_spikes,general,spikes_(anatomy)
arm_support,general,
arm_tattoo,general,tattoo
arm_tuft,general,tuft
arm_under_breasts,general,breasts
arm_warmers,general,armwear
arm_wraps,general,wraps
armadillo,species,xenarthran
armband,general,
armbinder,general,"binder_(restraint),bondage_gear"
armchair,general,chair
armless,general,
armlet,general,
armor,general,
armpit_fetish,general,
armpit_hair,general,body_hair
armpit_lick,general,"armpit_play,licking"
armpit_play,general,armpit_fetish
armpit_sniffing,general,sniffing
armpit_tuft,general,
arms_above_head,general,
arms_bent,general,
arms_tied,general,"bound,restrained_arms"
armwear,general,clothing
armwear_only,general,"armwear,mostly_nude"
army,general,
arno_(peritian),character,
aroused,general,
arrow_(weapon),general,ranged_weapon
arthropod,species,
arthropod_abdomen,general,
arthropod_abdomen_genitalia,general,"animal_genitalia,arthropod_abdomen"
arthropod_humanoid,species,"animal_humanoid,arthropod"
arthropod_taur,species,"arthropod,taur"
arthropod_webbing,general,
artica_sparkle,character,
articuno,species,pokemon_(species)
artificer_(rain_world),character,rain_world
artificial_intelligence,general,
artist_logo,meta,logo
artist_name,meta,text
asari,species,alien_humanoid
ascot,general,clothing
asgore_dreemurr,character,
ash_ketchum,character,
ashido_mina,character,
ashigara_(tas),character,
ashley_graham,character,
asian_clothing,general,clothing
ask_blog,general,
asking,general,
asking_another,general,asking
asking_viewer,general,asking
asking_what,general,asking
asmodeus_(helluva_boss),character,
asphyxiation,general,
asriel_dreemurr,character,
asriel_dreemurr_(god_form),character,
ass_clapping,general,bouncing_butt
ass_on_glass,general,"butt,on_glass"
ass_to_ass,general,
ass_to_mouth,general,
ass_up,general,
assault_rifle,general,"machine_gun,rifle"
assertive,general,
assertive_female,general,"assertive,female"
assimilation,general,
assisted_exposure,general,
assisted_sex,general,sex
asui_tsuyu,character,
asura,species,humanoid
asymmetrical_breast_frottage,general,breasts_frottage
athletic,general,
athletic_anthro,general,"anthro,athletic"
athletic_female,general,"athletic,female"
athletic_gynomorph,general,"athletic_intersex,gynomorph"
athletic_humanoid,general,"athletic,humanoid"
athletic_intersex,general,"athletic,intersex"
athletic_male,general,"athletic,male"
athletic_wear,general,sportswear
attack,general,
au_ra,species,scalie
audie_(animal_crossing),character,animal_crossing
audience,general,group
audino,species,pokemon_(species)
aura,general,
aurelion_sol_(lol),character,
aurora_(phenomenon),general,
australian_cattle_dog,species,herding_dog
australian_shepherd,species,sheepdog
auto_penis_lick,general,"oral_masturbation,penile_masturbation,self_lick"
autofellatio,general,"autopenetration,oral_masturbation,penile_masturbation,penis_in_mouth"
autofootjob,general,"foot_play,masturbation"
autopenetration,general,"masturbation,penetration"
autotitfuck,general,"breast_play,penile_masturbation"
autumn,general,
autumn_blaze_(mlp),character,friendship_is_magic
avali,species,avian
averi_(fiddleafox),character,
avian,species,
avian_(starbound),species,avian
avian_butt,general,
avian_caruncle,general,
avian_demon,species,"avian,demon"
avian_feet,general,
avian_humanoid,species,"animal_humanoid,avian"
avocato,character,
award,general,
awkward,general,
axe,general,
axolotl,species,"aquatic,salamander"
azula_arktandr,character,
azumarill,species,pokemon_(species)
azzilan,character,
babs_bunny,character,
babs_seed_(mlp),character,friendship_is_magic
baby_bottle,general,
baby_talk,general,
back_boob,general,breasts
back_groove,general,
back_markings,general,markings
back_muscles,general,
back_spikes,general,spikes_(anatomy)
back_spines,general,spines
back_tattoo,general,tattoo
back_tentacles,general,tentacles
back_tuft,general,tuft
background_character,character,
backless_clothing,general,clothing
backless_dress,general,"backless_clothing,dress"
backlighting,general,lighting
backpack,general,
backsack,general,balls
backward_arm_support,general,arm_support
backwards_baseball_cap,general,"backwards_hat,baseball_cap"
backwards_hat,general,hat
bad_end,general,
bad_parenting,general,
badge,general,
badger,species,musteline
badgerclops,character,
badnik,species,machine
bag,general,
balcony,general,
bald,general,
bald_crotch,general,
bald_eagle,species,eagle
baldur's_gate,copyright,
ball,general,
ball_bulge,general,bulge
ball_fondling,general,"balls,fondling"
ball_gag,general,gag
ball_grab,general,"balls,grabbing"
ball_lick,general,"balls,licking,oral,sex"
ball_ring,general,"balls,ring"
ball_size_difference,general,balls
ball_slap,general,"balls,slap"
ball_sniffing,general,"balls,sniffing"
ball_squeeze,general,
ball_suck,general,"balls,oral,sex,sucking"
ball_tuft,general,"balls,tuft"
ball_worship,general,"balls,genital_worship"
ballbusting,general,cock_and_ball_torture
balloon,general,inflatable
balls,general,genitals
balls_blush,general,"balls,body_blush"
balls_deep,general,penetration
balls_expansion,general,"balls,genital_expansion"
balls_in_underwear,general,underwear
balls_on_face,general,balls
balls_on_ground,general,balls
balls_on_tail,general,"balls,tail"
balls_outline,general,"detailed_bulge,genital_outline"
balls_touching,general,balls
baloo,character,
balto,character,
bambi,character,
bamboo,general,
bamfear,species,humanoid
banana,general,fruit
band-aid,general,bandage
band-aid_on_face,general,"band-aid,bandage_on_face"
band-aid_on_nose,general,"band-aid_on_face,bandage_on_nose"
bandage,general,
bandage_on_face,general,bandage
bandage_on_nose,general,bandage_on_face
bandaged_arm,general,bandage
bandaged_leg,general,bandage
bandeau,general,topwear
bandicoot,species,marsupial
bandit_heeler,character,bluey_(series)
banette,species,pokemon_(species)
bangaa,species,lizardman
bangle,general,jewelry
bangs,general,
banjo_(banjo-kazooie),character,
banner,general,
baphomet_(deity),character,deity
bar,general,
bar_emanata,general,emanata
bar_stool,general,stool
barazoku,general,
barbel_(anatomy),general,
barbell,general,exercise_equipment
barbell_piercing,general,"jewelry,piercing"
barcode,general,
bare_shoulders,general,
bared_teeth,general,teeth
barefoot,general,feet
barely_contained,general,
barely_visible_anus,general,anus
barely_visible_balls,general,"balls,barely_visible_genitalia"
barely_visible_genitalia,general,genitals
barely_visible_penis,general,"barely_visible_genitalia,penis"
barely_visible_vulva,general,"barely_visible_genitalia,vulva"
barn,general,
barn_owl,species,owl
barrel,general,container
barrel_(live_a_hero),character,
baryonyx,species,spinosaurid
base_three_layout,meta,
base_two_layout,meta,
baseball_bat,general,bat_(object)
baseball_cap,general,hat
basic_sequence,general,sequence
basitin,species,mammal
basket,general,container
basketball,general,
basketball_(ball),general,ball
basketball_uniform,general,"sportswear,uniform"
bass_guitar,general,guitar
bassariscus,species,procyonid
basset_hound,species,scent_hound
bast,character,deity
bat,species,mammal
bat-eared_fox,species,fox
bat_(object),general,
bat_ears,general,
bat_humanoid,species,"bat,mammal_humanoid"
bat_pony,species,equid
bat_wings,general,membranous_wings
bath,general,
bathhouse,general,bath
bathing,general,
bathrobe,general,robe
bathroom,general,
bathtub,general,
bathym_(tas),character,
batman,character,
battle,general,
battle_axe,general,axe
bayleef,species,pokemon_(species)
bdsm,general,
bdsm_gear,general,
bea_santello,character,
beach,general,
beach_ball,general,"ball,inflatable"
beach_chair,general,chair
beach_towel,general,towel
beach_umbrella,general,parasol
beaded_jewelry,general,"beads,jewelry"
beaded_necklace,general,"beaded_jewelry,necklace"
beads,general,
beady_eyes,general,"no_irises,no_sclera"
beagle,species,scent_hound
beak,general,
beak_fetish,general,
beakjob,general,"beak,beak_fetish,oral,sex"
beakless,general,
bean_bag,general,
beanie,general,hat
bear,species,mammal
beard,general,facial_hair
bearded_vulture,species,old_world_vulture
beast_(bloodborne),species,
beast_(disney),character,
beast_boy,character,
beau_(animal_crossing),character,animal_crossing
beaver,species,rodent
beckoning,general,gesture
becoming_erect,general,
bed,general,furniture
bed_bondage,general,"bed,bondage"
bed_covers,general,bedding
bed_sheet,general,bedding
bedding,general,
bedding_background,general,bedding
bedroom,general,
bedroom_eyes,general,"narrowed_eyes,seductive"
bee,species,hymenopteran
bee_humanoid,species,"bee,hymenopteran_humanoid"
beedrill,species,pokemon_(species)
beef_cattle,species,
beer,general,alcohol
beer_bottle,general,alcohol_bottle
beer_mug,general,
beerus,character,
beetle,species,insect
before_and_after,general,sequence
begging,general,
begging_for_more,general,begging
begging_pose,general,"begging,pose"
behemoth_(final_fantasy),species,monster
behind_glass,general,glass
being_watched,general,looking_at_another
bell,general,
bell_collar,general,"bell,collar"
bell_harness,general,"bell,harness"
belladonna_(trials_of_mana),character,
belly_blush,general,body_blush
belly_dancer,general,
belly_expansion,general,expansion
belly_grab,general,grabbing
belly_hair,general,body_hair
belly_inflation,general,inflation
belly_markings,general,markings
belly_nipples,general,multi_nipple
belly_on_ground,general,
belly_overhang,general,
belly_riding,general,bound
belly_rolls,general,
belly_rub,general,rubbing
belly_squish,general,"big_belly,squish"
belly_tattoo,general,tattoo
belly_tuft,general,tuft
belt,general,
belt_buckle,general,buckle
belt_pouch,general,pouch_(clothing)
ben_bigger,character,
bench,general,
bendy_straw,general,drinking_straw
bengal_tiger,species,tiger
benjamin_clawhauser,character,zootopia
bent_arm,general,
bent_leg,general,
bent_legs,general,
bent_over,general,
bent_spoon_position,general,from_behind_position
berdly,character,
beret,general,hat
bernese_mountain_dog,species,"molosser,mountain_dog"
berri,character,
berry,general,fruit
berry_punch_(mlp),character,friendship_is_magic
beta_design,general,
betelgammamon,species,digimon_(species)
betelgeusian,species,mammal
between_breasts,general,breasts
between_legs,general,
between_toes,general,toes
beverage,general,
beverage_bottle,general,bottle
beverage_can,general,can
bib,general,
biceps,general,
bicycle,general,vehicle
big_anus,general,anus
big_areola,general,areola
big_bad_wolf,character,
big_balls,general,balls
big_belly,general,
big_breasts,general,breasts
big_bulge,general,bulge
big_butt,general,butt
big_cheeks,general,
big_claws,general,claws
big_clitoris,general,clitoris
big_diaper,general,diaper
big_dildo,general,dildo
big_ears,general,
big_eyes,general,
big_fangs,general,fangs
big_feet,general,feet
big_flare,general,flared_penis
big_hair,general,hair
big_hands,general,
big_head,general,
big_horn,general,horn
big_knot,general,knot
big_macintosh_(mlp),character,friendship_is_magic
big_man_(splatoon),character,
big_moobs,general,moobs
big_muscles,general,muscular
big_nipples,general,nipples
big_nose,general,
big_pecs,general,"big_muscles,pecs"
big_penis,general,penis
big_pupils,general,
big_pussy,general,vulva
big_sheath,general,sheath
big_tail,general,tail
big_teats,general,teats
big_teeth,general,teeth
big_the_cat,character,
big_tongue,general,tongue
big_wings,general,wings
bighorn_sheep,species,sheep
bikini,general,two-piece_swimsuit
bikini_armor,general,unconvincing_armor
bikini_aside,general,"bikini,swimwear_aside"
bikini_bottom,general,bikini
bikini_thong,general,bikini_bottom
bikini_top,general,bikini
bill_(beastars),character,
bimbofication,general,
binder_(restraint),general,restraints
bingo_heeler,character,bluey_(series)
binturong,species,viverrid
bioluminescence,general,glowing
biomechanical,species,
biped,general,
bird,species,avian
bird's-eye_view,general,high-angle_view
bird_dog,species,hunting_dog
bird_humanoid,species,"avian_humanoid,bird"
birdo,species,
birdo_(character),character,
birth,general,
birthday,general,
birthday_cake,general,cake
bisexual,general,male/female
bisexual_pride_colors,general,pride_colors
bisexual_sandwich,general,"bisexual,sandwich_position"
bison,species,bovine
bit_gag,general,gag
bitchsuit,general,bondage_gear
bite,general,
bite_mark,general,
biting_lip,general,bite
biting_own_lip,general,"biting_lip,self_bite"
biyomon,species,digimon_(species)
black-backed_jackal,species,jackal
black_and_white,meta,monochrome
black_anus,general,anus
black_areola,general,areola
black_arms,general,
black_armwear,general,"armwear,black_clothing"
black_background,general,simple_background
black_balls,general,"balls,black_genitals"
black_bars,general,
black_beak,general,beak
black_bear,species,ursine
black_beard,general,"beard,black_facial_hair"
black_belly,general,black_body
black_belt,general,belt
black_bikini,general,"bikini,black_swimwear"
black_body,general,
black_bodysuit,general,"black_skinsuit,bodysuit"
black_boots,general,"black_footwear,boots"
black_border,general,border
black_bottomwear,general,"black_clothing,bottomwear"
black_bow,general,bow_(feature)
black_bra,general,"black_underwear,bra"
black_breasts,general,breasts
black_butt,general,butt
black_choker,general,choker
black_claws,general,claws
black_clothing,general,clothing
black_collar,general,collar
black_crop_top,general,"black_shirt,crop_top"
black_dress,general,"black_clothing,dress"
black_ear_tips,general,dipstick_ears
black_ears,general,
black_elbow_gloves,general,"black_armwear,black_gloves,elbow_gloves"
black_eyebrows,general,eyebrows
black_eyeliner,general,"black_makeup,eyeliner"
black_eyes,general,
black_eyeshadow,general,"black_makeup,eyeshadow"
black_eyewear,general,eyewear
black_face,general,
black_facial_hair,general,facial_hair
black_feathers,general,"black_body,feathers"
black_feet,general,feet
black_fingerless_gloves,general,"black_gloves,fingerless_gloves"
black_fingernails,general,"black_nails,colored_fingernails"
black_footwear,general,"black_clothing,footwear"
black_fur,general,"black_body,fur"
black_genitals,general,genitals
black_glans,general,glans
black_glasses,general,"black_eyewear,glasses"
black_gloves,general,"black_handwear,gloves"
black_hair,general,hair
black_hands,general,
black_handwear,general,"black_clothing,handwear"
black_hat,general,"black_headwear,hat"
black_headwear,general,"black_clothing,headwear"
black_high_heels,general,"black_footwear,high_heels"
black_highlights,general,highlights_(coloring)
black_hoodie,general,"black_topwear,hoodie"
black_hooves,general,hooves
black_horn,general,horn
black_inner_ear,general,
black_jacket,general,"black_topwear,jacket"
black_latex,general,latex
black_leggings,general,"black_legwear,leggings"
black_legs,general,
black_legwear,general,"black_clothing,legwear"
black_leotard,general,"black_clothing,leotard"
black_lips,general,lips
black_lipstick,general,"black_makeup,lipstick"
black_makeup,general,makeup
black_mane,general,mane
black_markings,general,markings
black_nails,general,colored_nails
black_necktie,general,necktie
black_nipples,general,nipples
black_nose,general,
black_outline,general,outline
black_panties,general,"black_underwear,panties"
black_pants,general,"black_bottomwear,pants"
black_pawpads,general,pawpads
black_paws,general,paws
black_penis,general,"black_genitals,penis"
black_perineum,general,perineum
black_pubes,general,pubes
black_scales,general,"black_body,scales"
black_sclera,general,
black_sheath,general,"black_genitals,sheath"
black_shirt,general,"black_topwear,shirt"
black_shoes,general,"black_footwear,shoes"
black_shorts,general,"black_bottomwear,shorts"
black_skin,general,black_body
black_skinsuit,general,"black_clothing,skinsuit"
black_skirt,general,"black_bottomwear,skirt"
black_socks,general,"black_footwear,socks"
black_spots,general,spots
black_stockings,general,"black_legwear,stockings"
black_stripes,general,stripes
black_suit,general,"black_clothing,suit"
black_sweater,general,"black_topwear,sweater"
black_swimwear,general,"black_clothing,swimwear"
black_tail,general,tail
black_tail_tip,general,dipstick_tail
black_text,general,text
black_thigh_highs,general,"black_legwear,thigh_highs"
black_thong,general,"black_underwear,thong"
black_tie_(suit),general,suit
black_toe_claws,general,toe_claws
black_tongue,general,tongue
black_topwear,general,"black_clothing,topwear"
black_tuft,general,tuft
black_underwear,general,"black_clothing,underwear"
black_vest,general,"black_topwear,vest"
black_vulva,general,"black_genitals,vulva"
black_whiskers,general,whiskers
black_wings,general,wings
blackwargreymon,species,digimon_(species)
blahaj,character,
blaidd_(elden_ring),character,
blanket,general,bedding
blastoise,species,pokemon_(species)
blaze_(marking),general,facial_markings
blaze_the_cat,character,
blaziken,species,pokemon_(species)
blep,general,tongue_out
blin_(tloz),species,goblin
blind,general,
blind_eye,general,
blindfold,general,
blinds,general,
blitzo_(helluva_boss),character,
bloated,general,
blockage_(layout),meta,
blonde_eyebrows,general,eyebrows
blonde_hair,general,hair
blonde_highlights,general,highlights_(coloring)
blonde_mane,general,mane
blood,general,bodily_fluids
blood_elf,species,"elf,warcraft"
blood_from_mouth,general,blood_in_mouth
blood_in_mouth,general,blood
blood_on_clothing,general,"blood,clothing"
blood_on_face,general,blood
blood_on_hand,general,blood
blood_splatter,general,blood
bloodshot_eyes,general,
blouse,general,topwear
blue_(jurassic_world),character,
blue_and_white,meta,monochrome
blue_anus,general,anus
blue_areola,general,areola
blue_arms,general,
blue_background,general,simple_background
blue_balls,general,"balls,blue_genitals"
blue_belly,general,blue_body
blue_bikini,general,"bikini,blue_swimwear"
blue_blush,general,blush
blue_body,general,
blue_border,general,border
blue_bottomwear,general,"blue_clothing,bottomwear"
blue_bow,general,bow_(feature)
blue_bra,general,"blue_underwear,bra"
blue_breasts,general,breasts
blue_claws,general,claws
blue_clothing,general,clothing
blue_collar,general,collar
blue_countershading,general,"blue_body,countershading"
blue_cum,general,colored_cum
blue_dress,general,"blue_clothing,dress"
blue_ears,general,
blue_eyebrows,general,eyebrows
blue_eyes,general,
blue_eyeshadow,general,"blue_makeup,eyeshadow"
blue_face,general,
blue_feathers,general,"blue_body,feathers"
blue_feet,general,feet
blue_fire,general,colored_fire
blue_footwear,general,"blue_clothing,footwear"
blue_fox_(foxes_in_love),character,
blue_fur,general,"blue_body,fur"
blue_genitals,general,genitals
blue_glans,general,glans
blue_gloves,general,"blue_clothing,gloves"
blue_hair,general,hair
blue_hands,general,
blue_hat,general,"blue_headwear,hat"
blue_headwear,general,"blue_clothing,headwear"
blue_highlights,general,highlights_(coloring)
blue_hoodie,general,"blue_topwear,hoodie"
blue_hooves,general,hooves
blue_horn,general,horn
blue_inner_ear,general,
blue_insides,general,
blue_jacket,general,"blue_topwear,jacket"
blue_jay,species,jay_(bird)
blue_jeans,general,"blue_pants,jeans"
blue_kerchief,general,kerchief
blue_legs,general,
blue_legwear,general,"blue_clothing,legwear"
blue_lips,general,lips
blue_lipstick,general,"blue_makeup,lipstick"
blue_makeup,general,makeup
blue_mane,general,mane
blue_markings,general,markings
blue_mouth,general,
blue_nails,general,colored_nails
blue_nipples,general,nipples
blue_nose,general,
blue_panties,general,"blue_underwear,panties"
blue_pants,general,"blue_bottomwear,pants"
blue_pawpads,general,pawpads
blue_paws,general,paws
blue_penis,general,"blue_genitals,penis"
blue_perineum,general,perineum
blue_pupils,general,
blue_scales,general,"blue_body,scales"
blue_scarf,general,scarf
blue_sclera,general,
blue_shirt,general,"blue_topwear,shirt"
blue_shoes,general,"blue_footwear,shoes"
blue_shorts,general,"blue_bottomwear,shorts"
blue_skin,general,blue_body
blue_skirt,general,"blue_bottomwear,skirt"
blue_socks,general,"blue_footwear,socks"
blue_spots,general,spots
blue_stripes,general,stripes
blue_sweater,general,"blue_topwear,sweater"
blue_swimwear,general,"blue_clothing,swimwear"
blue_tail,general,tail
blue_tail_tip,general,dipstick_tail
blue_text,general,text
blue_theme,meta,
blue_thigh_highs,general,"blue_legwear,thigh_highs"
blue_tongue,general,tongue
blue_topwear,general,"blue_clothing,topwear"
blue_tuft,general,tuft
blue_underwear,general,"blue_clothing,underwear"
blue_vest,general,"blue_topwear,vest"
blue_vulva,general,"blue_genitals,vulva"
blue_wings,general,wings
blue_yoshi,species,yoshi
bluebird,species,oscine
bluey_(series),copyright,
bluey_heeler,character,bluey_(series)
blunt_bangs,general,bangs
blurred_background,general,
blush,general,
blush_lines,general,blush
blush_stickers,general,blush
blushing_at_viewer,general,blush
blushing_profusely,general,blush
boat,general,watercraft
bob_(animal_crossing),character,animal_crossing
bob_cut,general,straight_hair
bobcat,species,lynx
bodily_fluids,general,
bodily_noises,general,sound_effects
body_armor,general,armor
body_blush,general,blush
body_hair,general,
body_horror,general,
body_in_mouth,general,
body_inflation,general,inflation
body_outline,general,
body_pillow,general,pillow
body_size_growth,general,size_transformation
body_worship,general,
body_writing,general,
bodyguard_position,general,"from_behind_position,standing_sex"
bodypaint,general,
bodysuit,general,skinsuit
boinae,species,snake
bojack_horseman_(character),character,
bokoblin,species,blin_(tloz)
bold_text,general,text
bolt_(bolt),character,
bomb,general,explosives
bonbon_(mlp),character,friendship_is_magic
bondage,general,"bdsm,bound"
bondage_furniture,general,bondage_gear
bondage_gear,general,
bondage_gloves,general,"bondage_gear,handwear"
bone,general,
bone_frill,general,frill_(anatomy)
bonfie_(cryptiacurves),character,
bong,general,drugs
bonnie_(fnaf),character,five_nights_at_freddy's
bonnie_hopps,character,zootopia
boo_(mario),species,ghost
boob_hat,general,breasts
book,general,
bookshelf,general,furniture
boon_digges,character,
boop,general,
boots,general,shoes
boots_only,general,"boots,footwear_only"
border,general,
border_collie,species,collie
bored,general,
boron_brioche,character,
borzoi,species,sighthound
boston_terrier,species,"small_molosser,terrier"
both_pregnant,general,multiple_pregnancies
both_sexes_in_same_situation,general,
bottle,general,container
bottlenose_dolphin,species,oceanic_dolphin
bottom_heavy,general,
bottomless,general,clothed
bottomless_anthro,general,"anthro,bottomless"
bottomless_female,general,"bottomless,female"
bottomless_gynomorph,general,"bottomless_intersex,gynomorph"
bottomless_humanoid,general,"bottomless,humanoid"
bottomless_intersex,general,"bottomless,intersex"
bottomless_male,general,"bottomless,male"
bottomwear,general,clothing
bottomwear_around_one_leg,general,"bottomwear_down,clothing_around_one_leg"
bottomwear_aside,general,"bottomwear,clothing_aside"
bottomwear_down,general,bottomwear
bottomwear_pull,general,"bottomwear,clothing_pull"
bouncing_balls,general,balls
bouncing_breasts,general,breasts
bouncing_butt,general,butt
bound,general,
bound_together,general,bound
bouquet,general,
bovid,species,mammal
bovid_horn,general,horn
bovid_humanoid,species,"bovid,mammal_humanoid"
bovid_taur,species,"bovid,mammal_taur"
bovine,species,bovid
bovine_horn,general,bovid_horn
bovine_humanoid,species,"bovid_humanoid,bovine"
bow_(feature),general,
bow_(weapon),general,ranged_weapon
bow_accessory,general,"accessory,bow_(feature)"
bow_experiment_(resident_evil),species,
bow_in_front,general,bow_(feature)
bow_panties,general,panties
bow_ribbon,general,bow_(feature)
bow_tie,general,bow_(feature)
bowl,general,container
bowser,character,
bowser_jr.,character,
bowsette_meme,copyright,"meme,super_crown"
box,general,container
boxer_briefs,general,underwear
boxers_(clothing),general,underwear
boxing,general,sport
boxing_gloves,general,handwear
boy_kisser_(meme),copyright,meme
bra,general,underwear
bra_strap,general,
bracelet,general,jewelry
bracers,general,armor
braces,general,
brachiosaurus,species,sauropod
braeburn_(mlp),character,friendship_is_magic
braided_hair,general,hair
braided_pigtails,general,"braided_hair,pigtails"
braided_ponytail,general,"braided_hair,ponytail"
brain,general,organs
brainwashing,general,
braixen,species,pokemon_(species)
branch,general,
brandy_harrington,character,
bread,general,food
breaking_the_fourth_wall,general,
breast_blush,general,body_blush
breast_curtains,general,
breast_expansion,general,"breasts,expansion"
breast_focus,general,breasts
breast_fondling,general,"breast_play,fondling,hand_on_breast"
breast_grab,general,"grabbing,hand_on_breast"
breast_growth,general,"breasts,growth"
breast_implants,general,
breast_jiggle,general,jiggling
breast_lick,general,"breast_play,licking"
breast_milking,general,lactating
breast_play,general,breasts
breast_rest,general,breasts
breast_size_difference,general,breasts
breast_smother,general,"breasts,smothering"
breast_squeeze,general,"breasts,squeezing"
breast_squish,general,"breasts,squish"
breast_suck,general,"breast_play,sucking"
breastfeeding,general,
breastfeeding_during_sex,general,"breastfeeding,sex"
breastplate,general,armor
breasts,general,
breasts_and_teats,general,"breasts,teats"
breasts_apart,general,breasts
breasts_frottage,general,breast_squish
breasts_on_glass,general,"breasts,on_glass"
breath,general,
breath_play,general,asphyxiation
breath_powers,general,
breathing,general,
breathing_noises,general,"breathing,sound_effects"
breeding_mount,general,breeding_stand
breeding_stand,general,
breegull,species,avian
breloom,species,pokemon_(species)
brian_griffin,character,
brick,general,
brick_wall,general,"brick,wall_(structure)"
bridal_carry,general,carrying_another
bridal_gauntlets,general,armwear
bridge,general,
bridge_piercing,general,"jewelry,nose_piercing"
bridle,general,
briefs,general,underwear
briefs_only,general,"briefs,topless,underwear_only"
brionne,species,pokemon_(species)
broad_shoulders,general,
brok_(brok_the_investigator),character,
broken_condom,general,condom
broken_horn,general,horn
bronwyn_(adventure_time),character,
brooklyn_(gargoyles),character,
broom,general,cleaning_tool
brother_penetrating_brother,general,
brown_antlers,general,antlers
brown_anus,general,anus
brown_areola,general,areola
brown_arms,general,
brown_background,general,simple_background
brown_balls,general,"balls,brown_genitals"
brown_bear,species,ursine
brown_beard,general,"beard,brown_facial_hair"
brown_belt,general,belt
brown_body,general,
brown_boots,general,"boots,brown_footwear"
brown_bottomwear,general,"bottomwear,brown_clothing"
brown_claws,general,claws
brown_clothing,general,clothing
brown_countershading,general,"brown_body,countershading"
brown_ear_tips,general,dipstick_ears
brown_ears,general,
brown_eyebrows,general,eyebrows
brown_eyes,general,
brown_face,general,
brown_facial_hair,general,facial_hair
brown_feathers,general,"brown_body,feathers"
brown_feet,general,feet
brown_footwear,general,"brown_clothing,footwear"
brown_fur,general,"brown_body,fur"
brown_genitals,general,genitals
brown_gloves,general,"brown_clothing,gloves"
brown_hair,general,hair
brown_hands,general,
brown_hat,general,"brown_headwear,hat"
brown_headwear,general,"brown_clothing,headwear"
brown_hooves,general,hooves
brown_horn,general,horn
brown_inner_ear,general,
brown_jacket,general,"brown_topwear,jacket"
brown_legs,general,
brown_mane,general,mane
brown_markings,general,markings
brown_nipples,general,nipples
brown_nose,general,
brown_pants,general,"brown_bottomwear,pants"
brown_pawpads,general,pawpads
brown_paws,general,paws
brown_penis,general,"brown_genitals,penis"
brown_pubes,general,pubes
brown_pupils,general,
brown_rat,species,rat
brown_scales,general,"brown_body,scales"
brown_sclera,general,
brown_sheath,general,"brown_genitals,sheath"
brown_shirt,general,"brown_topwear,shirt"
brown_shoes,general,"brown_footwear,shoes"
brown_shorts,general,"brown_bottomwear,shorts"
brown_skin,general,brown_body
brown_spots,general,spots
brown_stripes,general,stripes
brown_tail,general,tail
brown_tail_tip,general,dipstick_tail
brown_topwear,general,"brown_clothing,topwear"
brown_tuft,general,tuft
brown_vulva,general,"brown_genitals,vulva"
brown_wings,general,wings
bruised,general,
bruised_eye,general,bruised
brush,general,
brushing,general,brush
bubble,general,
bubble_butt,general,butt
bubble_gum,general,candy
bubble_tea,general,beverage
bubsy_bobcat,character,
bucket,general,container
buckle,general,
buckteeth,general,teeth
bugs_bunny,character,
building,general,
building_destruction,general,"building,destruction"
buizel,species,pokemon_(species)
bukkake,general,cum
bulbasaur,species,pokemon_(species)
bulge,general,
bulge_from_behind,general,bulge
bulge_frottage,general,bulge
bulge_grab,general,"bulge,grabbing"
bulging_breasts,general,breasts
bull_terrier,species,terrier
bulldog,species,mastiff
bullet,general,
bulletproof_vest,general,"armor,topwear"
bully,general,
bullying,general,
buneary,species,pokemon_(species)
bunnie_rabbot,character,
bunny_costume,general,costume
bunsen,character,
burger,general,food
burgerpants,character,
burmecian,species,rodent
burning,general,
burp_cloud,general,
burping,general,
bus,general,commercial_vehicle
business_suit,general,"businesswear,suit"
businesswear,general,clothing
bust_portrait,meta,portrait
buster_bunny,character,
busty_bird,character,
busty_boy_(lore),lore,
busty_feral,general,"breasts,feral"
butt,general,
butt_blush,general,body_blush
butt_cleavage,general,
butt_crush,general,
butt_expansion,general,"butt,expansion"
butt_focus,general,butt
butt_from_the_front,general,butt
butt_grab,general,"butt,grabbing,hand_on_butt"
butt_hair,general,body_hair
butt_heart,general,butt
butt_jiggle,general,jiggling
butt_markings,general,"butt,markings"
butt_pose,general,"butt,pose"
butt_shot,general,butt_focus
butt_size_difference,general,butt
butt_slap,general,slap
butt_smother,general,"butt,smothering"
butt_sniffing,general,sniffing
butt_squish,general,"butt,squish"
butt_tattoo,general,"butt,tattoo"
butt_tuft,general,tuft
butt_wings,general,unusual_wing_placement
butt_worship,general,body_worship
butterfly,species,lepidopteran
butterfree,species,pokemon_(species)
button_(fastener),general,
button_eyes,general,button_(fastener)
button_mash_(mlp),character,friendship_is_magic
buttplug,general,plug_(sex_toy)
buttplug_in_ass,general,"buttplug,plug_insertion,sex_toy_in_ass"
buttplug_tail,general,"buttplug,fake_tail"
buxbi_(character),character,
c.j._(animal_crossing),character,animal_crossing
cabin,general,
cabinet,general,furniture
cable,general,
cacomistle,species,bassariscus
cactus,general,plant
cactus_humanoid,species,"cactus,plant_humanoid"
cafe,general,
cage,general,
caitian,species,felid
cake,general,dessert
cake_the_cat,character,
calem_(pokemon),character,
calendar,general,
calico_cat,species,domestic_cat
callie_(splatoon),character,
callie_briggs,character,
calves_up,general,raised_calf
calvin_mcmurray,character,
camel,species,camelid
camel_toe,general,genital_outline
camelid,species,mammal
camera,general,
camera_view,general,
camo,general,
camo_bottomwear,general,"camo_clothing,pattern_bottomwear"
camo_clothing,general,"camo_print,pattern_clothing"
camo_print,general,camo
campfire,general,
camping,general,
can,general,container
canada_lynx,species,lynx
candle,general,
candlelight,general,light
candy,general,dessert
candy_cane,general,candy
candy_people_(at),species,food_creature
cane,general,
canid,species,mammal
canid_humanoid,species,"canid,mammal_humanoid"
canine,species,canid
canine_demon,species,"canine,demon"
canine_dildo,general,animal_dildo
canine_genitalia,general,animal_genitalia
canine_humanoid,species,"canid_humanoid,canine"
canine_penis,general,"animal_penis,canine_genitalia"
canine_taur,species,"canine,mammal_taur"
canine_vulva,general,"animal_vulva,canine_genitalia"
caninu,species,canid
canis,species,canine
cannon,general,ranged_weapon
canon_couple,general,
cape,general,clothing
cape_buffalo,species,bovine
cape_only,general,"cape,mostly_nude"
caprine,species,bovid
caprine_demon,species,"caprine,demon"
caprine_horn,general,bovid_horn
caprine_humanoid,species,"bovid_humanoid,caprine"
captain_amelia,character,
caption,general,text
captured,general,
capybara,species,caviid
car,general,vehicle
caracal,species,feline
carcharhinus,species,requiem_shark
card,general,
card_template,general,
cardboard_box,general,box
cardinal_(bird),species,oscine
caressing,general,
carmelita_fox,character,
carnotaurus,species,theropod
carol_holiday,character,
carol_tea,character,
carpet,general,
carpet_shark,species,shark
carpo,character,
carrot,general,vegetable
carrot_(one_piece),character,
carrying_another,general,
casimira_(orannis0),character,
caster_tamamo-no-mae,character,
castle,general,
castration,general,"cock_and_ball_torture,genital_mutilation"
casual_erection,general,erection
casual_exposure,general,exposed
casual_nudity,general,
casual_sex,general,sex
cat_humanoid,species,"domestic_cat,feline_humanoid"
cat_lingerie,general,lingerie
cat_smile,general,
cat_tail,general,tail
catch_condom,general,wearing_condom
cate_meowdy,character,
caterpillar,species,larva
catfish,species,fish
catnap_(poppy_playtime),character,
catti_cattenheimer,character,
cattle,species,bovine
cattle_humanoid,species,"bovine_humanoid,cattle"
catty_cattenheimer,character,
caught,general,
caught_in_the_act,general,
caught_masturbating,general,"caught_in_the_act,masturbation"
cauldron,general,container
cavalier_king_charles_spaniel,species,"spaniel,toy_dog"
cave,general,
caviid,species,rodent
ceiling,general,
cel_shading,meta,shaded
celebi,species,pokemon_(species)
celio_(peritian),character,
cell_(organism),species,
cellphone,general,phone
cellulite,general,
cemetery,general,
censor_bar,general,censored
censored,meta,
censored_genitalia,general,censored
censored_penis,general,censored_genitalia
censored_vulva,general,censored_genitalia
centaur,species,"equid_taur,humanoid_taur,split_form"
centered_hair_bow,general,hair_bow
centipede,species,myriapod
centorea_shianus_(monster_musume),character,monster_girl_(genre)
cephalopod,species,"aquatic,mollusk"
cephalopod_humanoid,species,"aquatic_humanoid,cephalopod,mollusk_humanoid"
ceratopsian,species,ornithischian
ceratopsid,species,ceratopsian
cerberus,species,"hellhound,multi_head"
cerberus_(fortnite),character,
ceroba_ketsukane,character,
cervical_contact,general,"cervix,internal"
cervical_penetration,general,"cervix,internal,penetration"
cervine,species,deer
cervine_genitalia,general,animal_genitalia
cervine_penis,general,"animal_penis,cervine_genitalia"
cervix,general,
cetacean,species,"aquatic,mammal"
cetacean_genitalia,general,animal_genitalia
cetacean_penis,general,"animal_penis,cetacean_genitalia,tapering_penis"
chain,general,
chain_chomp,species,animate_inanimate
chain_leash,general,"chain,leash"
chain_necklace,general,necklace
chained,general,"bound,chain"
chainmail,general,
chair,general,furniture
chair_bondage,general,"bondage,chair"
chair_position,general,from_behind_position
chakat,species,felid_taur
chalkboard,general,
chameleon,species,lizard
champa,character,
champagne,general,alcohol
chance_furlong,character,
changeling,species,friendship_is_magic
chao_(sonic),species,
chaos_emerald,general,gem
chaps,general,legwear
chara_(undertale),character,
character_name,meta,text
character_prepared_as_food,general,
charizard,species,pokemon_(species)
charlie_morningstar,character,
charmander,species,pokemon_(species)
charmeleon,species,pokemon_(species)
charr,species,felid
chart,general,
chase_(paw_patrol),character,
chasing,general,
chastity_belt,general,chastity_device
chastity_bulge,general,chastity_device
chastity_cage,general,chastity_device
chastity_cage_only,general,"chastity_device_only,wearing_chastity_cage"
chastity_device,general,
chastity_device_only,general,"nude,wearing_chastity_device"
chat,general,
chat_box,general,
checkered,general,
checkered_background,general,"checkered,pattern_background"
checkered_clothing,general,"checkered,pattern_clothing"
checkered_floor,general,checkered
cheek,general,
cheek_bulge,general,
cheek_markings,general,facial_markings
cheek_spikes,general,facial_spikes
cheek_spots,general,facial_markings
cheek_tuft,general,facial_tuft
cheerilee_(mlp),character,friendship_is_magic
cheerleader,general,
cheerleader_outfit,general,uniform
cheese,general,food
cheese_the_chao,character,
cheetah,species,feline
chef_hat,general,hat
chen_(touhou),character,
cherry,general,fruit
cherry_(animal_crossing),character,animal_crossing
cherry_blossom,general,flower
cherub,species,angel
cheshire_cat_(species),species,domestic_cat
chesnaught,species,pokemon_(species)
chespin,species,pokemon_(species)
chest_grab,general,grabbing
chest_hair,general,body_hair
chest_harness,general,harness
chest_markings,general,markings
chest_scar,general,scar
chest_spike,general,spikes_(anatomy)
chest_tattoo,general,tattoo
chest_tuft,general,tuft
chest_wraps,general,wraps
chibi,general,
chica_(fnaf),character,five_nights_at_freddy's
chicken,species,phasianid
chief_bogo,character,zootopia
chihuahua,species,toy_dog
chikorita,species,pokemon_(species)
chiku_(cryptiacurves),character,
child,general,young
child_on_child,general,"child,young_on_young"
chillet,species,pal_(species)
chilli_heeler,character,bluey_(series)
chimera,species,
chimpanzee,species,ape
chin_piercing,general,
chin_tuft,general,facial_tuft
chinchilla,species,rodent
chinese_clothing,general,east_asian_clothing
chinese_dress,general,"chinese_clothing,dress"
chinese_new_year,copyright,holidays
chinese_text,meta,text
chinese_zodiac,copyright,
chip_(disney),character,
chip_(sonic),character,
chipmunk,species,ground_squirrel
chips_(food),general,food
chloe_sinclaire,character,
chocobo,species,avian
chocolate,general,candy
chokehold,general,
choker,general,necklace
choker_only,general,"choker,necklace_only"
choking,general,asphyxiation
chopsticks,general,
chow_chow,species,spitz
christian_cross,general,"christian_symbol,cross"
christian_symbol,general,religion
christmas,copyright,holidays
christmas_clothing,general,"christmas,clothing"
christmas_decorations,general,christmas
christmas_headwear,general,"christmas_clothing,headwear"
christmas_lights,general,christmas_decorations
christmas_ornament,general,"christmas_decorations,ornament"
christmas_present,general,"christmas,gift"
christmas_tree,general,"christmas,tree"
chromatic_aberration,meta,
chua,species,"alien,rodent"
chubby_cheeks,general,
chubby_protagonist_(tas),character,protagonist_(tas)
churn,general,
cigar,general,
cigarette,general,
cigarette_holder,general,
cigarette_in_mouth,general,"cigarette,object_in_mouth"
cigarette_smoke,general,"cigarette,smoke"
cinccino,species,pokemon_(species)
cinderace,species,pokemon_(species)
circe_(pankallisti),character,
circle_eyebrows,general,eyebrows
circlet,general,
circumcised,general,humanoid_penis
circumcision_scar,general,circumcised
circus_baby_(fnaf),character,five_nights_at_freddy's
city,general,
city_background,general,city
city_destruction,general,"city,destruction"
cityscape,general,city
civet,species,viverrid
claire_(the_summoning),character,
clank_(ratchet_and_clank),character,
classic_amy_rose,character,
classic_chica_(fnaf),character,five_nights_at_freddy's
classic_sonic,character,sonic_the_hedgehog
classroom,general,school
classy,general,
claw_fingers,general,
claw_marks,general,
clawroline,character,
claws,general,
clean_diaper,general,diaper
cleaning,general,
cleaning_tool,general,
cleavage,general,"breasts,clothed"
cleavage_cutout,general,"cleavage,cutout"
cleavage_overflow,general,cleavage
clefable,species,pokemon_(species)
cleft_tail,general,tail
clenched_teeth,general,teeth
cliff,general,
climbing,general,
clipboard,general,
clitoral,general,
clitoral_hood,general,genitals
clitoral_masturbation,general,"clitoral,masturbation"
clitoral_rubbing,general,clitoral
clitoral_winking,general,clitoris
clitoris,general,genitals
clitoris_piercing,general,"clitoris,genital_piercing"
cloaca,general,animal_genitalia
cloaca_juice,general,genital_fluids
cloacal,general,
cloacal_penetration,general,"cloacal,penetration"
cloacal_penis,general,"animal_penis,cloaca"
cloak,general,clothing
cloak_only,general,cloak
clock,general,
clone,general,
close-up,general,
closed_frown,general,"frown,mouth_closed"
closed_smile,general,"mouth_closed,smile"
closet,general,
cloth,general,
cloth_gag,general,"cloth,gag"
clothed,general,clothing
clothed/nude,general,"clothed,nude"
clothed_ambiguous,general,"ambiguous_gender,clothed"
clothed_anthro,general,"anthro,clothed"
clothed_female,general,"clothed,female"
clothed_feral,general,"clothed,feral"
clothed_gynomorph,general,"clothed_intersex,gynomorph"
clothed_human,general,"clothed,human"
clothed_humanoid,general,"clothed,humanoid"
clothed_intersex,general,"clothed,intersex"
clothed_male,general,"clothed,male"
clothed_sex,general,"clothed,sex"
clothing,general,
clothing_around_legs,general,clothing
clothing_around_one_leg,general,clothing
clothing_aside,general,clothing
clothing_bow,general,bow_(feature)
clothing_lift,general,clothed
clothing_pull,general,clothing
clothing_swap,general,clothing
cloud,general,
cloud_chaser_(mlp),character,friendship_is_magic
cloud_emanata,general,emanata
clouded_leopard,species,pantherine
cloudy_sky,general,"cloud,sky"
cloven_hooves,general,hooves
clown,general,
club_(weapon),general,melee_weapon
clydesdale,species,draft_horse
cnidarian,species,aquatic
cnidarian_humanoid,species,"aquatic_humanoid,cnidarian"
coach,general,
coat,general,topwear
cobondage,general,"bondage,bound_together"
cobra,species,snake
cock_and_ball_torture,general,genital_torture
cock_gag,general,gag
cock_ring,general,ring
cock_transformation,general,transformation
cock_vore,general,"penile,penis,vore"
cockapoo,species,"domestic_dog,mixed_breed"
cockatiel,species,cockatoo
cockatoo,species,parrot
cocker_spaniel,species,spaniel
cockroach,species,insect
cocktail,general,alcohol
cocktail_glass,general,drinking_glass
coco_bandicoot,character,
coco_pommel_(mlp),character,friendship_is_magic
coconut,general,fruit
cocotama,species,
coffee,general,beverage
coffee_cup,general,cup
coffee_mug,general,mug
coiling,general,
coin,general,
cold,general,
coleoid,species,cephalopod
collaborative,general,
collaborative_fellatio,general,"collaborative_sex,fellatio"
collaborative_sex,general,collaborative
collaborative_titfuck,general,"collaborative_sex,titfuck"
collar,general,
collar_only,general,"collar,nude"
collar_ring,general,"collar,ring"
collar_tag,general,
collarbone,general,
collared_shirt,general,shirt
colleen_(road_rovers),character,
collie,species,sheepdog
color_coded,general,
color_coded_speech_bubble,general,"color_coded,speech_bubble"
color_coded_text,general,"color_coded,text"
color_swatch,general,
colored_blood,general,"blood,unusual_bodily_fluids"
colored_cum,general,unusual_cum
colored_edge_panties,general,
colored_edge_underwear,general,
colored_fingernails,general,"colored_nails,fingernails"
colored_fire,general,fire
colored_line_art,meta,line_art
colored_nails,general,nails
colored_pencil_(artwork),meta,traditional_media_(artwork)
colored_seam_underwear,general,underwear
colored_sketch,meta,sketch
colored_toenails,general,"colored_nails,toenails"
colorful_theme,meta,
columbid,species,bird
comforting,general,
comic,meta,
comic_panel,general,comic
comic_sans,meta,text
command,general,
commander_shepard,character,
commercial_vehicle,general,vehicle
common_hippopotamus,species,mammal
comparing,general,
comparing_penis,general,comparing
competition,general,
compliment,general,
compound_eyes,general,
compression_artifacts,meta,
computer,general,electronics
computer_keyboard,general,
computer_monitor,general,
computer_mouse,general,
concept_art,meta,
condom,general,
condom_balloon,general,"excessive_cum,filled_condom"
condom_in_mouth,general,"condom,mouth_hold,object_in_mouth"
condom_wrapper,general,
confetti,general,
confident,general,
confusion,general,
conjoined,general,
conjoined_speech_bubble,general,speech_bubble
conker,character,
consentacles,general,tentacles
constricted_pupils,general,small_pupils
contact_onomatopoeia,general,onomatopoeia
container,general,
controller,general,
convenient_censorship,general,
cookie,general,food
cooking,general,
cool_colors,meta,
cooler,general,
copyright_symbol,general,symbol
coral,species,cnidarian
corpse,general,
corrupt_cynder,character,
corruption,general,
corsac_fox,species,true_fox
corset,general,"lingerie,topwear"
corvid,species,oscine
corvus_(genus),species,corvid
cosmic_background,general,space
cosmic_hair,general,hair
cosmo_the_seedrian,character,
cosplay,general,
cosplay_pikachu_(character),character,
cosplay_pikachu_(costume),general,clothing
costume,general,clothing
couatl,species,"feathered_scalie,snake"
cougar,species,feline
count,general,
counter,general,
countershade_arms,general,countershading
countershade_balls,general,"balls,countershade_genitalia"
countershade_body,general,
countershade_breasts,general,"breasts,countershading"
countershade_butt,general,"butt,countershading"
countershade_crotch,general,
countershade_ears,general,countershading
countershade_face,general,countershading
countershade_feet,general,"countershading,feet"
countershade_fur,general,"countershading,fur"
countershade_genitalia,general,"countershading,genitals"
countershade_hands,general,countershading
countershade_legs,general,countershading
countershade_neck,general,countershading
countershade_scales,general,"countershading,scales"
countershade_tail,general,"countershading,tail"
countershade_thighs,general,countershade_legs
countershade_torso,general,countershading
countershading,general,multicolored_body
courage_the_cowardly_dog_(character),character,
cover,meta,
cover_art,meta,
cover_page,meta,"cover,cover_art"
covered_eyes,general,obscured_eyes
covered_nipples,general,
covering,general,
covering_breasts,general,"breasts,covering"
covering_crotch,general,covering
covering_face,general,covering
covering_mouth,general,covering
covering_own_mouth,general,"covering_mouth,covering_self"
covering_self,general,covering
cow_print,general,animal_print
cow_print_bikini,general,"cow_print,pattern_bikini"
cowbell,general,bell
cowboy,general,
cowboy_hat,general,hat
cowgirl_position,general,"from_front_position,on_bottom,on_top"
cowlick,general,hair
coyote,species,canis
cozy_glow_(mlp),character,friendship_is_magic
crab,species,decapod
cracks,general,
crane_(bird),species,bird
crash_bandicoot,character,
crate,general,container
crawling,general,
crazy_redd,character,animal_crossing
cream_heart,character,
cream_the_rabbit,character,
creeper,species,
creepy,general,
crescent_moon,general,moon
crewmate_(among_us),character,
cricetid,species,rodent
criminal,general,
critters_(poppy_playtime),species,
crocodile,species,crocodilian
crocodilian,species,reptile
croconaw,species,pokemon_(species)
crop_top,general,shirt
cropped_hoodie,general,hoodie
cross,general,
cross-eyed,general,
cross-popping_vein,general,
cross_fox,species,red_fox
cross_necklace,general,"cross,necklace"
crossdressing,general,clothed
crossdressing_male,general,
crossed_ankles,general,
crossed_arms,general,
crossed_legs,general,
crossover,meta,
crossover_cosplay,general,"cosplay,crossover"
crossover_ship,general,crossover
crotch_breasts,general,
crotch_focus,general,
crotch_lines,general,
crotch_rope,general,rope
crotch_shot,general,crotch_focus
crotch_tuft,general,tuft
crotchless_clothing,general,clothing
crotchless_panties,general,"crotchless_clothing,panties"
crouching,general,
crow,species,corvus_(genus)
crowd,general,group
crown,general,headgear
crunch_bandicoot,character,
crusch_lulu,character,
crush,general,
crustacean,species,arthropod
crux,species,canid
crying,general,tears
crying_laughing,general,"laugh,tears"
cryptid,species,
crystal,general,
ctarl-ctarl,species,felid
cu_sith_(tas),character,
cubone,species,pokemon_(species)
cuckold,general,
cuckquean,general,
cuddle_team_leader,character,
cuddling,general,
cuff_(restraint),general,restraints
cuffs_(clothing),general,
cum,general,genital_fluids
cum_ballooning,general,cum_inflation
cum_between_breasts,general,"breasts,cum"
cum_bubble,general,"bubble,cum"
cum_collecting,general,
cum_covered,general,"cum,messy"
cum_drip,general,"cum,dripping"
cum_dripping_from_penis,general,
cum_drool,general,cum
cum_dumpster,general,
cum_everywhere,general,"cum,messy"
cum_explosion,general,
cum_expulsion,general,cum
cum_fart,general,cum_expulsion
cum_from_ass,general,cum_in_ass
cum_from_mouth,general,cum_in_mouth
cum_from_nose,general,cum_in_nose
cum_from_penis,general,cum_in_penis
cum_from_vagina,general,cum_in_vagina
cum_in_a_cup,general,"cum_in_container,cup"
cum_in_ass,general,cum_inside
cum_in_bowl,general,"bowl,cum_in_container"
cum_in_cloaca,general,"cloaca,cum_inside"
cum_in_clothing,general,"clothing,cum"
cum_in_container,general,"container,cum"
cum_in_hair,general,"cum,hair"
cum_in_mouth,general,cum_inside
cum_in_nose,general,cum_inside
cum_in_own_mouth,general,"cum_in_mouth,cum_in_self"
cum_in_penis,general,"cum_inside,penis"
cum_in_self,general,cum_inside
cum_in_underwear,general,"cum_in_clothing,underwear"
cum_in_uterus,general,"cum_inside,uterus"
cum_in_vagina,general,cum_inside
cum_inflation,general,"cum_inside,inflation"
cum_inside,general,cum
cum_on_another,general,cum
cum_on_anus,general,"anus,cum"
cum_on_arm,general,cum_on_body
cum_on_back,general,cum_on_body
cum_on_balls,general,"balls,cum"
cum_on_bed,general,"bed,cum"
cum_on_belly,general,cum_on_body
cum_on_body,general,cum
cum_on_breasts,general,"breasts,cum_on_body"
cum_on_butt,general,"butt,cum_on_body"
cum_on_chest,general,cum_on_body
cum_on_clothing,general,"clothing,cum"
cum_on_ear,general,cum
cum_on_face,general,cum
cum_on_feet,general,"cum,feet"
cum_on_food,general,"cum,food"
cum_on_ground,general,cum
cum_on_hand,general,cum
cum_on_head,general,cum
cum_on_knot,general,"cum,knot"
cum_on_leg,general,cum_on_body
cum_on_muzzle,general,cum
cum_on_own_balls,general,"cum_on_balls,cum_on_self"
cum_on_own_chest,general,"cum_on_chest,cum_on_self"
cum_on_own_face,general,"cum_on_face,cum_on_self"
cum_on_own_penis,general,"cum_on_penis,cum_on_self"
cum_on_own_tongue,general,"cum_on_self,cum_on_tongue"
cum_on_penis,general,"cum,penis"
cum_on_perineum,general,"cum,perineum"
cum_on_self,general,cum
cum_on_shoulder,general,cum_on_body
cum_on_tail,general,"cum,tail"
cum_on_tongue,general,"cum,tongue"
cum_on_vulva,general,"cum,vulva"
cum_on_wall,general,cum
cum_overflow,general,cum
cum_pool,general,
cum_pooling,general,
cum_request,general,
cum_splatter,general,cum
cum_spurt,general,
cum_string,general,cum
cum_taste,general,cum
cum_through,general,cum_inside
cum_through_clothing,general,"cum_in_clothing,wet_clothing"
cum_through_underwear,general,"cum_in_underwear,cum_through_clothing,wet_underwear"
cum_trail,general,cum
cum_vore,general,"cum,digestion,vore"
cum_while_chaste,general,"chastity_device,cum,ejaculation"
cum_while_penetrated,general,"cum,ejaculation,penetration"
cumshot,general,"cum,ejaculation"
cumshot_in_mouth,general,"cum_in_mouth,cumshot"
cunnilingus,general,"oral,sex,vaginal"
cup,general,container
cupcake,general,food
cupcake_(fnaf),character,five_nights_at_freddy's
cuphead_(character),character,
curious,general,
curled_horn,general,horn
curled_tail,general,tail
curled_up,general,
curling_tail,general,tail
curling_toes,general,feet
curly_hair,general,hair
currency_symbol,general,symbol
curtains,general,
curtains_open,general,curtains
curved_eyebrows,general,
curved_horn,general,horn
curved_penis,general,penis
curvy_figure,general,
cushion,general,
cutaway,general,
cute_fangs,general,fangs
cutie_mark,general,
cutie_mark_crusaders_(mlp),character,
cutlery,general,kitchen_utensils
cutout,general,
cyan_yoshi,species,yoshi
cybernetic_arm,general,cybernetic_limb
cybernetic_leg,general,cybernetic_limb
cybernetic_limb,general,cybernetics
cybernetics,general,machine
cyberpunk,general,
cybertronian,species,robot
cyborg,species,cybernetics
cyclops,species,
cyndaquil,species,pokemon_(species)
cynder,character,spyro_the_dragon
cynthia_(pokemon),character,pokemon_champion
cyprinid,species,fish
dachshund,species,hunting_dog
daddy_kink,general,
daffy_duck,character,
dagger,general,melee_weapon
dairy_cattle,species,
daisy_duck,character,
daisy_dukes,general,"denim_shorts,hotpants"
dakimakura,general,
dakimakura_design,meta,dakimakura
dakka,character,
dale_(disney),character,
dall_sheep,species,sheep
dalmatian,species,domestic_dog
dancewear,general,clothing
dancing,general,
daring_do_(mlp),character,friendship_is_magic
dark,general,
dark_areola,general,areola
dark_clothing,general,clothing
dark_elf,species,elf
dark_eyebrows,general,eyebrows
dark_nipples,general,nipples
dark_nose,general,
dark_penis,general,penis
dark_pupils,general,
dark_room,general,dark
dark_skin,general,
darkened_anus,general,anus
darkened_balls,general,"balls,darkened_genitalia"
darkened_genitalia,general,genitals
darkened_penis,general,"darkened_genitalia,penis"
darkened_vulva,general,darkened_genitalia
darkner,species,
darkness,general,
darkrai,species,pokemon_(species)
darwin_watterson,character,
dasyurid,species,dasyuromorph
dasyuromorph,species,marsupial
date,general,
dated,meta,
dawn_(pokemon),character,
dawn_bellwether,character,zootopia
daww,general,
daxter,character,
day,general,
daybreaker_(mlp),character,friendship_is_magic
dazed,general,
dean_(drako1997),character,
death,general,
death_(personification),character,
death_(puss_in_boots),character,
death_by_snu_snu,general,
deathclaw,species,scalie
decapitation,general,
decapod,species,malacostracan
decapodiform,species,coleoid
decidueye,species,pokemon_(species)
decoration,general,
deep_cunnilingus,general,"cunnilingus,tongue_penetration"
deep_navel,general,navel
deep_penetration,general,penetration
deep_rimming,general,rimming
deep_skin,general,
deep_throat,general,oral_penetration
deer,species,mammal
deer_humanoid,species,"deer,mammal_humanoid"
deer_taur,species,"deer,mammal_taur"
deerling,species,pokemon_(species)
defeated,general,
degradation,general,
deity,species,
delcatty,species,pokemon_(species)
delilah_(101_dalmatians),character,
delivery_(commerce),general,
delivery_employee,general,delivery_(commerce)
delphox,species,pokemon_(species)
delta_rune_(emblem),general,symbol
deltoids,general,
demigod,species,
demon,species,
demon_humanoid,species,"demon,humanoid"
demonic,general,
denim,general,
denim_bottomwear,general,"bottomwear,denim_clothing"
denim_clothing,general,"clothing,denim"
denim_shorts,general,"denim_bottomwear,shorts"
depth_of_field,general,
derived_sound_effect,general,sound_effects
derp_eyes,general,
derpy_hooves_(mlp),character,friendship_is_magic
desert,general,
desk,general,table
desperation,general,
dessert,general,food
destruction,general,
detachable,general,
detachable_head,general,detachable
detached_sheath,general,sheath
detached_sleeves,general,armwear
detailed,meta,
detailed_anus,general,anus
detailed_background,general,detailed
detailed_bulge,general,bulge
detailed_fur,general,"detailed,fur"
detailed_scales,general,"detailed,scales"
devil_horns_(gesture),general,hand_gesture
dewclaw,general,
dewclaw_hooves,general,hooves
dewlap_(anatomy),general,
dewott,species,pokemon_(species)
dhole,species,canine
dialga,species,pokemon_(species)
dialogue,general,
dialogue_box,general,
diamond_(gem),general,gem
diamond_dog_(mlp),species,"canid,friendship_is_magic"
diamond_tiara_(mlp),character,friendship_is_magic
diane_foxington,character,
diaper,general,
diaper_change,general,diaper
diaper_creature,species,"animate_inanimate,diaper"
diaper_fetish,general,diaper
diaper_only,general,"topless,wearing_diaper"
diaper_under_clothing,general,wearing_diaper
dice,general,
diddy_kong,character,
different_sound_effects,general,sound_effects
digby_(animal_crossing),character,animal_crossing
digestion,general,
digestion_noises,general,"digestion,onomatopoeia"
digi_(yourdigimongirl),character,
digimon_(species),species,
digit_ring,general,ring_(jewelry)
digital_creature,species,
digital_drawing_(artwork),meta,digital_media_(artwork)
digital_media_(artwork),meta,
digital_painting_(artwork),meta,"digital_media_(artwork),painting_(artwork)"
digitigrade,general,
diglett,species,pokemon_(species)
dildo,general,sex_toy
dildo_in_ass,general,"dildo_insertion,sex_toy_in_ass"
dildo_in_mouth,general,sex_toy_in_mouth
dildo_in_vagina,general,"dildo_insertion,sex_toy_in_vagina"
dildo_insertion,general,"dildo,sex_toy_insertion"
dildo_sitting,general,dildo
dilophosaurus,species,theropod
dingo,species,canis
dingodile,character,
dinosaur,species,reptile
diphallism,general,2_penises
diplodocid,species,sauropod
dipodomyine,species,rodent
dipstick_antennae,general,multicolored_antennae
dipstick_ears,general,"ear_markings,multicolored_ears"
dipstick_limbs,general,
dipstick_tail,general,"multicolored_tail,tail_markings"
dire_(fortnite),character,
dire_aircraft,species,"dire_vehicle,living_aircraft"
dire_vehicle,species,living_vehicle
dire_wolf,species,wolf
directional_arrow,general,
dirt,general,
dirty,general,
dirty_clothing,general,"clothing,dirty"
dirty_diaper,general,used_diaper
dirty_feet,general,dirty
dirty_talk,general,
disassembly_drone,species,
discarded_clothing,general,clothing
discord_(mlp),character,friendship_is_magic
disembodied_hand,general,
disembodied_head,general,
disembodied_penis,general,penis
disguise,general,
disgust,general,
dismemberment,general,
disposal,general,
distracted,general,
distracting_watermark,meta,watermark
ditto_(pokemon),species,pokemon_(species)
dixie_(tfath),character,
dixie_kong,character,
dizzy,general,
dobermann,species,domestic_dog
dock_(anatomy),general,tail
doctor,general,
doctor_whooves_(mlp),character,friendship_is_magic
dodo,species,columbid
dog_humanoid,species,"canine_humanoid,domestic_dog"
dog_tags,general,
dogday_(poppy_playtime),character,
doggystyle,general,from_behind_position
doll,general,
dolly_(101_dalmatians),character,
dolphin,species,toothed_whale
dolphin_shorts,general,"athletic_wear,shorts"
domestic_cat,species,felis
domestic_dog,species,canis
domestic_ferret,species,weasel
domestic_goat,species,goat
domestic_pet,general,
domestic_pig,species,sus_(pig)
domestic_rabbit,species,oryctolagus
domestic_sheep,species,sheep
dominant,general,
dominant_anthro,general,"anthro,dominant"
dominant_female,general,"dominant,female"
dominant_feral,general,"dominant,feral"
dominant_gynomorph,general,"dominant_intersex,gynomorph"
dominant_human,general,"dominant,human"
dominant_humanoid,general,"dominant,humanoid"
dominant_intersex,general,"dominant,intersex"
dominant_male,general,"dominant,male"
dominant_pov,general,"dominant,first_person_view"
dominant_young,general,"dominant,young"
dominatrix,general,
don_bluth,copyright,
donald_duck,character,
donatello_(tmnt),character,
donkey,species,equine
donkey_kong_(character),character,
doom_slayer,character,
door,general,
door_handle,general,door
doorway,general,
doraemon_(character),character,
dorsal_fin,general,fin
dorumon,species,x-digimon
dot_eyes,general,simple_eyes
dot_warner,character,
dotted_background,general,pattern_background
double_anal,general,"anal_penetration,double_penetration"
double_chin,general,
double_dildo,general,dildo
double_handjob,general,handjob
double_penetration,general,penetration
double_tomoe,general,
double_v_sign,general,v_sign
double_vaginal,general,"double_penetration,vaginal_penetration"
doughnut,general,"dessert,pastry"
dove,species,columbid
dr._eggman,character,
dr._voir,character,
draconcopode,species,"apode,serpentine"
draconequus,species,chimera
dracthyr,species,"warcraft,western_dragon"
draenei,species,warcraft
draft_horse,species,horse
dragon,species,mythological_scalie
dragon_(dnd),species,"dungeons_and_dragons,western_dragon"
dragon_humanoid,species,"dragon,scalie_humanoid"
dragon_koopa,species,
dragon_tail,general,tail
dragon_taur,species,"dragon,taur"
dragon_wings,general,wings
dragonair,species,pokemon_(species)
dragonborn_(dnd),species,"dungeons_and_dragons,scalie"
dragonfly,species,insect
dragonite,species,pokemon_(species)
dragonplayer_(character),character,
drawer,general,
drawing,general,
drawing_tablet,general,electronics
drawstring,general,string
dreadlocks,general,hair
dream,general,
drekir,species,theropod
dress,general,clothing
dress_lift,general,"clothing_lift,dress"
dress_shirt,general,collared_shirt
dresser,general,furniture
dressing,general,
drinking,general,
drinking_cum,general,"cum_in_mouth,drinking"
drinking_glass,general,glass_cup
drinking_straw,general,
drinking_urine,general,"urine_in_mouth,watersports"
drip_effect,general,
dripping,general,
dripping_vulva,general,"dripping,vulva"
dripping_wet,general,
driving,general,
drizzile,species,pokemon_(species)
dromaeosaurid,species,theropod
drone,general,
dronification,general,drone
drooling,general,saliva
drooling_tongue,general,
drowning,general,asphyxiation
drowzee,species,pokemon_(species)
drugged,general,substance_intoxication
drugs,general,
druid,general,tribal_spellcaster
drum_bunker_dragon,character,
drunk,general,substance_intoxication
drunk_bubble,general,"bubble,drunk"
dryad,species,humanoid
dual_holding,general,
dual_wielding,general,holding_weapon
duck,species,anatid
duck_hunt_dog,character,
duct_tape,general,tape
dudley_puppy,character,
duel_monster,species,
dullahan,species,
dumbbell,general,weights
dungeon,general,
dungeons_and_dragons,copyright,role-playing_game
duo,general,
duo_focus,general,
dusk_lycanroc,species,lycanroc
dust,general,
dutch_angle,general,
dwarf,species,humanoid
dwarf_rabbit,species,domestic_rabbit
dwarfism,general,
dying,general,
dylan_(101_dalmatians),character,
eagle,species,accipitrid
ear_bite,general,bite
ear_blush,general,blush
ear_bow,general,bow_(feature)
ear_fins,general,fin
ear_frill,general,frill_(anatomy)
ear_grab,general,grabbing
ear_markings,general,markings
ear_penetration,general,unusual_penetration
ear_piercing,general,piercing
ear_pull,general,
ear_ring,general,"ear_piercing,ring_(jewelry),ring_piercing"
ear_stud,general,"ear_piercing,stud_piercing"
ear_tag,general,ear_piercing
ear_tuft,general,tuft
earbuds,general,electronics
earless,general,
ears_back,general,pivoted_ears
ears_down,general,pivoted_ears
ears_up,general,
earth,general,planet
earth_pony,species,pony
east_asian_clothing,general,asian_clothing
easter,copyright,holidays
easter_bunny,character,easter
easter_egg,general,easter
eastern_bluebird,species,bluebird
eastern_dragon,species,dragon
eastern_grey_squirrel,species,grey_squirrel
eating,general,
eating_feces,general,feces
eating_food,general,eating
ecaflip,species,felid
echidna,species,monotreme
echinoderm,species,aquatic
eda_clawthorne,character,
edging,general,
eel,species,fish
eevee,species,pokemon_(species)
egg,general,
egg_in_ass,general,
egg_insertion,general,"egg,object_insertion"
egg_vibrator,general,vibrator
eggplant,general,fruit
egyptian,general,
egyptian_clothing,general,"clothing,egyptian"
egyptian_headdress,general,egyptian_clothing
egyptian_mau,species,domestic_cat
ejaculation,general,
ekans,species,pokemon_(species)
elapid_(snake),species,snake
elbow_feathers,general,
elbow_gloves,general,"armwear,gloves"
elbow_pads,general,
elbow_tuft,general,arm_tuft
elderly,general,
elderly_anthro,general,"anthro,elderly"
elderly_female,general,"elderly,female"
elderly_male,general,"elderly,male"
eldritch_abomination,species,monster
eldritch_being,species,
electric_fan,general,
electric_guitar,general,guitar
electricity,general,
electricity_manipulation,general,"electricity,elemental_manipulation"
electrogenesis,general,electricity
electronics,general,
electrostimulation,general,
elemental_creature,species,
elemental_dragon,species,"dragon,elemental_creature"
elemental_humanoid,species,"elemental_creature,humanoid"
elemental_manipulation,general,
elephant,species,elephantid
elephantid,species,mammal
elf,species,humanoid
elh_melizee,character,
elk,species,cervine
ellipsis,general,text
elora,character,spyro_the_dragon
elza_(interspecies_reviewers),character,
emanata,general,
embarrassed,general,
emboar,species,pokemon_(species)
emelie_(cyancapsule),character,
emerald_(gem),general,gem
emo,general,alternative_fashion
emoji,general,symbol
emolga,species,pokemon_(species)
emoticon,general,text
empoleon,species,pokemon_(species)
empty_eyes,general,"no_irises,no_pupils"
encasement,general,bound
encouragement,general,
ender_dragon,species,"dragon,minecraft"
enderman,species,minecraft
endosoma,general,safe_vore
enema,general,
energy,general,
enfield,species,
english_text,meta,text
enjoying,general,
entwined_tails,general,tail_coil
equid,species,mammal
equid_taur,species,"equid,mammal_taur"
equine,species,equid
equine_anus,general,anus
equine_dildo,general,animal_dildo
equine_genitalia,general,animal_genitalia
equine_humanoid,species,"equine,mammal_humanoid"
equine_penis,general,"animal_penis,equine_genitalia"
equine_taur,species,"equid_taur,equine"
equine_vulva,general,"animal_vulva,equine_genitalia"
erect_clitoris,general,clitoris
erect_nipples,general,nipples
erection,general,
erection_in_diaper,general,"diaper,erection"
erection_under_clothing,general,"clothing,erection"
ero_(erobos),character,
esix,character,mascot
espeon,species,pokemon_(species)
espio_the_chameleon,character,
espurr,species,pokemon_(species)
eti_(utopianvee),character,
eublepharid,species,gecko
eulipotyphlan,species,mammal
eunuch,general,
eurasian_red_squirrel,species,tree_squirrel
european_badger,species,badger
european_hedgehog,species,hedgehog
european_rabbit,species,oryctolagus
evening,general,
everest_(paw_patrol),character,
evil_face,general,
evil_grin,general,smile
excessive_cum,general,"cum,excessive_genital_fluids"
excessive_feces,general,feces
excessive_genital_fluids,general,genital_fluids
excessive_precum,general,"excessive_genital_fluids,precum"
excessive_sweat,general,sweat
excessive_vaginal_fluids,general,"excessive_genital_fluids,vaginal_fluids"
excited,general,
exclamation_point,general,
execution,general,
exercise,general,
exercise_equipment,general,
exhausted,general,
exhibitionism,general,
exoskeleton,general,
expansion,general,
experiment_(lilo_and_stitch),species,alien
explicit,meta,
explicitly_stated_consent,general,
explicitly_stated_nonconsent,general,
explosion,general,
explosives,general,
exposed,general,
exposed_belly,general,
exposed_breasts,general,breasts
exposed_butt,general,
exposed_diaper,general,
exposed_endoskeleton,general,
expression_cutaway,general,cutaway
expressions,general,
extended_arm,general,
extended_arms,general,
extended_leg,general,
extended_sound_effect,general,sound_effects
extreme_french_kiss,general,french_kissing
extreme_penetration,general,penetration
extreme_size_difference,general,size_difference
exveemon,species,digimon_(species)
eye_bags,general,
eye_contact,general,looking_at_another
eye_markings,general,markings
eye_patch,general,eyewear
eye_roll,general,
eye_scar,general,facial_scar
eye_through_hair,general,translucent_hair
eyebrow_piercing,general,"facial_piercing,jewelry"
eyebrow_ring,general,"eyebrow_piercing,ring_(jewelry),ring_piercing"
eyebrow_through_hair,general,"eyebrows,translucent_hair"
eyebrows,general,
eyelashes,general,
eyelashes_through_hair,general,"eyelashes,translucent_hair"
eyeless,general,
eyeliner,general,makeup
eyemask,general,eyewear
eyes_closed,general,
eyeshadow,general,makeup
eyewear,general,
eyewear_on_head,general,eyewear
eyewear_only,general,"eyewear,nude"
face_fucking,general,irrumatio
face_grab,general,grabbing
face_imprint,general,imprint
face_in_ass,general,
face_in_breasts,general,breasts
face_lick,general,licking
face_paint,general,bodypaint
face_squish,general,squish
faceless,general,
faceless_ambiguous,general,"ambiguous_gender,faceless_character"
faceless_anthro,general,"anthro,faceless_character"
faceless_character,general,
faceless_female,general,"faceless_character,female"
faceless_feral,general,"faceless_character,feral"
faceless_human,general,"faceless_character,human"
faceless_male,general,"faceless_character,male"
facesitting,general,sitting_on_another
facial_hair,general,
facial_horn,general,horn
facial_markings,general,head_markings
facial_piercing,general,piercing
facial_scar,general,scar
facial_spikes,general,spikes_(anatomy)
facial_tattoo,general,tattoo
facial_tuft,general,tuft
fairy,species,
fake_ears,general,
fake_horns,general,
fake_rabbit_ears,general,fake_ears
fake_tail,general,
fakemon,species,
falco_lombardi,character,
falcon,species,bird
fallen_angel,species,angel
falling,general,
fallopian_tubes,general,
family,general,
fang_(gvh),character,
fang_the_hunter,character,
fang_the_weavile,character,
fangs,general,teeth
fantasizing,general,
fantasy,general,
farm,general,
fart,general,
fart_cloud,general,fart
fart_fetish,general,fart
farting_on_another,general,fart
farting_on_face,general,fart
fat_arms,general,
fat_rolls,general,
fatal_vore,general,vore
faun,species,humanoid
faun_(spyro),species,"deer,spyro_the_dragon"
faux_gaping,general,
fay_(star_fox),character,
feather_duster,general,cleaning_tool
feather_hair,general,"feathers,pseudo_hair"
feather_hands,general,feathers
feather_in_hair,general,"hair,hair_accessory,loose_feather"
feather_tuft,general,"feathers,tuft"
feathered_arms,general,feathers
feathered_crest,general,"feathers,head_crest"
feathered_dinosaur,species,"dinosaur,feathered_scalie"
feathered_dragon,species,"dragon,feathered_scalie"
feathered_scalie,species,"feathers,scalie"
feathered_tail,general,"feathers,tail"
feathered_wings,general,"feathers,wings"
feathering,general,fur
feathers,general,
featureless_breasts,general,breasts
featureless_chest,general,
featureless_crotch,general,
featureless_face,general,
featureless_feet,general,feet
featureless_hands,general,
featureless_legs,general,
feces,general,
feces_in_ass,general,feces
feces_on_body,general,feces
feces_pile,general,feces
fecto_elfilis,character,
fedora,general,hat
feeding,general,
feet,general,
feet_first,general,
feet_together,general,feet
feet_up,general,feet
felching,general,cum
felicia_(darkstalkers),character,
felid,species,mammal
felid_humanoid,species,"felid,mammal_humanoid"
felid_taur,species,"felid,mammal_taur"
feline,species,felid
feline_demon,species,"demon,feline"
feline_genitalia,general,animal_genitalia
feline_humanoid,species,"felid_humanoid,feline"
feline_penis,general,"animal_penis,feline_genitalia"
feline_vulva,general,"animal_vulva,feline_genitalia"
felineko,species,felid
felis,species,feline
felkin,species,mammal
fellatio,general,"oral,penile,sex"
felyne,species,feline
female,general,
female/ambiguous,general,"ambiguous_gender,female"
female/female,general,female
female_(lore),lore,
female_anthro,general,"anthro,female"
female_death,general,"death,female"
female_dominating_male,general,"dominant_female,male/female,submissive_male"
female_feral,general,"female,feral"
female_fingered,general,female
female_focus,general,female
female_human,general,"female,human"
female_humanoid,general,"female,humanoid"
female_on_anthro,general,"anthro,female"
female_on_bottom,general,"female,on_bottom"
female_on_feral,general,"female,feral"
female_on_human,general,"female,human"
female_on_humanoid,general,"female,humanoid"
female_on_top,general,"female,on_top"
female_peeing,general,"female,peeing"
female_penetrated,general,"female,penetration"
female_penetrating,general,"female,penetration"
female_penetrating_female,general,"female/female,female_penetrated,female_penetrating,sex"
female_penetrating_male,general,"female_penetrating,male/female,male_penetrated,sex"
female_pov,general,"female,first_person_view"
female_pred,general,female
female_prey,general,female
female_rape,general,"female,rape"
female_raped,general,female
female_rimmed,general,female
female_rimming,general,"female,rimming"
female_rimming_male,general,"female_rimming,male/female,male_rimmed"
female_symbol,general,gender_symbol
female_taur,general,"female,taur"
femboy,general,
femboy/femboy,general,femboy
feminization,general,
fenavi_montaro,character,
fence,general,
fennec_fox,species,true_fox
fennekin,species,pokemon_(species)
fenneko,character,aggretsuko
fennix_(fortnite),character,
feral,general,
feral_focus,general,feral
feral_on_bottom,general,"feral,on_bottom"
feral_on_feral,general,feral
feral_on_top,general,"feral,on_top"
feral_penetrated,general,"feral,penetration"
feral_penetrating,general,"feral,penetration"
feral_penetrating_anthro,general,"anthro_on_feral,anthro_penetrated,feral_penetrating,sex"
feral_penetrating_female,general,"female_on_feral,female_penetrated,feral_penetrating"
feral_penetrating_feral,general,"feral_on_feral,feral_penetrated,feral_penetrating,sex"
feral_penetrating_human,general,"feral_penetrating,human_on_feral,human_penetrated,sex"
feral_penetrating_humanoid,general,"feral_penetrating,humanoid_on_feral,humanoid_penetrated,sex"
feral_pred,general,feral
feral_prey,general,feral
feraligatr,species,pokemon_(species)
feralized,general,feral
fetal_movement,general,
fetlocks,general,
fexa_(cryptiacurves),character,
ffm,general,male/female
ffm_threesome,general,"ffm,threesome"
fidget_(elysian_tail),character,
field,general,
fifi_la_fume,character,
fight,general,
fighting_pose,general,pose
fighting_ring,general,
filled_condom,general,condom
fin,general,
fin_piercing,general,"fin,furgonomic_piercing"
finch,species,oscine
finger_claws,general,"claws,fingers"
finger_in_mouth,general,fingers
finger_lick,general,"finger_play,licking"
finger_play,general,fingers
finger_ring,general,"digit_ring,fingers"
fingering,general,
fingering_partner,general,"fingering,sex"
fingering_self,general,"fingering,masturbation"
fingerless_(marking),general,
fingerless_gloves,general,gloves
fingernails,general,"fingers,nails"
fingerpads,general,pawpads
fingers,general,
fink_(ok_k.o.!_lbh),character,
finn_the_human,character,
finnick_(zootopia),character,zootopia
fiona_fox,character,
fionna_the_human,character,
fire,general,
fire_breathing,general,"breath_powers,fire_manipulation"
fire_creature,species,"elemental_creature,fire"
fire_humanoid,species,"elemental_humanoid,fire_creature"
fire_manipulation,general,"elemental_manipulation,fire"
firebrand,character,
firecat,character,
firefly,species,beetle
fireplace,general,
fireworks,general,
firondraak,character,
first_person_view,general,
fish,species,aquatic
fish_hooking,general,
fish_humanoid,species,"aquatic_humanoid,fish"
fish_tail,general,tail
fishing,general,
fishing_rod,general,
fishnet_armwear,general,"armwear,fishnet_clothing"
fishnet_clothing,general,clothing
fishnet_leggings,general,"fishnet_legwear,leggings"
fishnet_legwear,general,"fishnet_clothing,legwear"
fishnet_thigh_highs,general,"fishnet_legwear,thigh_highs"
fishnet_topwear,general,"fishnet_clothing,topwear"
fist,general,
fisting,general,penetration
fitting_room,general,
five_nights_at_freddy's,copyright,
fixed_toy,general,sex_toy
fizz_(lol),character,
fizzarolli_(helluva_boss),character,
flaaffy,species,pokemon_(species)
flaccid,general,penis
flag,general,
flag_(object),general,flag
flag_bikini,general,"bikini,flag_print"
flag_print,general,flag
flaky_(htf),character,
flamedramon,species,digimon_(species)
flaming_hair,general,"fire,hair,pseudo_hair"
flaming_mane,general,"flaming_hair,mane,pseudo_mane"
flaming_tail,general,"fire,tail"
flamingo,species,bird
flannel_shirt,general,
flared_penis,general,penis
flareon,species,pokemon_(species)
flash_emanata,general,emanata
flash_sentry_(mlp),character,friendship_is_magic
flashback,general,
flashing,general,
flashing_breasts,general,flashing
flashlight,general,
flat_chastity_cage,general,chastity_cage
flat_chested,general,
flat_colors,meta,
flemish_giant,species,domestic_rabbit
flesh,general,
flesh_creature,species,flesh
flesh_fang,general,
flesh_structure,general,flesh
flesh_tunnel,general,flesh_structure
flesh_whiskers,general,barbel_(anatomy)
fleshlight_position,general,
fleur_de_lis_(mlp),character,friendship_is_magic
flexible,general,
flexing,general,
flexing_bicep,general,flexing
flexing_both_biceps,general,flexing_bicep
flick_(animal_crossing),character,animal_crossing
flip_flops,general,sandals
flippers,general,
flippy_(htf),character,
flirting,general,
flirting_with_viewer,general,flirting
floating,general,
floating_eyebrows,general,
floating_hands,general,
floating_head,general,
floatzel,species,pokemon_(species)
floor,general,
floppy_ears,general,
flora_(twokinds),character,
flora_fauna,species,"elemental_creature,plant"
floragato,species,pokemon_(species)
floral,general,
floral_pattern,general,floral
floral_print,general,floral_pattern
floran,species,flora_fauna
florges,species,pokemon_(species)
flower,general,plant
flower_(anatomy),general,
flower_accessory,general,flower
flower_creature,species,"flora_fauna,flower"
flower_crown,general,flower
flower_garland,general,flower
flower_humanoid,species,"flower_creature,plant_humanoid"
flower_in_hair,general,"flower_accessory,hair,hair_accessory"
flower_in_mouth,general,
flower_on_head,general,flower
flowey_the_flower,character,
fluffy,general,
fluffy_balls,general,balls
fluffy_chest,general,fluffy
fluffy_ears,general,
fluffy_hair,general,"fluffy,hair"
fluffy_paws,general,
fluffy_pony_(species),species,mammal
fluffy_tail,general,"fluffy,tail"
flukes,general,tail_fin
flurry_heart_(mlp),character,friendship_is_magic
flustered,general,
flutterbat_(mlp),character,fluttershy_(mlp)
fluttershy_(mlp),character,friendship_is_magic
fly_(animal),species,insect
flygon,species,pokemon_(species)
flying,general,
flying_fox,species,megabat
flying_squirrel,species,sciurid
flying_sweatdrops,general,sweatdrop
fog,general,
folded_ears,general,floppy_ears
folded_wings,general,wings
fondling,general,
foo_dog,species,"mammal,mythological_creature"
food,general,
food_creature,species,food
food_fetish,general,food
food_humanoid,species,"food_creature,humanoid"
food_in_mouth,general,food
food_insertion,general,"food_play,improvised_sex_toy"
food_play,general,food_fetish
fool's_hat,general,hat
foot_blush,general,body_blush
foot_crush,general,
foot_fetish,general,feet
foot_focus,general,feet
foot_grab,general,"feet,grabbing"
foot_in_mouth,general,
foot_lick,general,licking
foot_on_balls,general,"balls,feet"
foot_on_face,general,feet
foot_on_head,general,feet
foot_on_penis,general,"foot_play,penis"
foot_on_table,general,"feet,table"
foot_play,general,foot_fetish
foot_sniffing,general,"foot_fetish,sniffing"
foot_wraps,general,"feet,wraps"
footjob,general,"foot_play,sex"
footprint,general,
footwear,general,clothing
footwear_only,general,"footwear,mostly_nude"
for_a_head,general,
force_feeding,general,"feeding,forced"
forced,general,
forced_anal,general,"anal,forced"
forced_exposure,general,"assisted_exposure,forced"
forced_oral,general,"forced,oral,sex"
forced_orgasm,general,"forced,orgasm"
forced_partners,general,forced
forced_transformation,general,"forced,transformation"
forearm_muscles,general,
forehead_gem,general,gem
forehead_markings,general,facial_markings
foreplay,general,
foreshortening,general,
foreskin,general,penis
foreskin_play,general,foreskin
foreskin_pull,general,foreskin_play
forest,general,tree
fork,general,cutlery
forked_tail,general,unusual_tail
forked_tongue,general,tongue
formal_wear,general,clothing
forward_arm_support,general,arm_support
fossa,species,mammal
four_frame_sequence,meta,sequence
foursome,general,group_sex
fox,species,canine
fox_ears,general,pointy_ears
fox_humanoid,species,"canine_humanoid,fox"
fox_mccloud,character,
fox_spirit,species,mythological_canine
fox_tail,general,tail
fox_taur,species,"canine_taur,fox"
foxy_(fnaf),character,five_nights_at_freddy's
freckled_arms,general,freckles
freckled_breasts,general,"breasts,freckles"
freckled_butt,general,"butt,freckles"
freckled_chest,general,freckles
freckled_face,general,freckles
freckled_hips,general,freckles
freckled_legs,general,freckles
freckled_shoulders,general,freckles
freckled_thighs,general,freckled_legs
freckles,general,
freddy_(dislyte),character,
freddy_(fnaf),character,five_nights_at_freddy's
free_use,general,
french_kissing,general,kissing
french_text,meta,text
frenni_(cryptiacurves),character,
frenulum,general,
frenum_ladder,general,"frenum_piercing,ladder_piercing"
frenum_piercing,general,penis_piercing
freya_crescent,character,
fridge,general,kitchen_appliance
friendship_is_magic,copyright,
frieren,character,
fries,general,food
frill_(anatomy),general,
frilled_lizard,species,agamid
frilly,general,
frilly_bra,general,"bra,frilly_underwear"
frilly_clothing,general,"clothing,frilly"
frilly_panties,general,"frilly_underwear,panties"
frilly_underwear,general,"frilly_clothing,underwear"
frisk_(undertale),character,
froakie,species,pokemon_(species)
frog,species,amphibian
frog_humanoid,species,"amphibian_humanoid,frog"
frogtied,general,legs_tied
from_behind_position,general,sex
from_front_position,general,sex
front_view,general,
froslass,species,pokemon_(species)
frottage,general,"penises_touching,sex"
frown,general,
fruit,general,food
fruit_humanoid,species,"food_humanoid,living_fruit,plant_humanoid"
fruit_tree,general,tree
frustrated,general,
frye_(splatoon),character,
frying_pan,general,kitchen_utensils
ftg_crossgender,general,"fti_crossgender,gynomorph"
fti_crossgender,general,intersex
fti_transformation,general,gender_transformation
ftm_crossgender,general,male
fucked_silly,general,
fucking_machine,general,machine
full-length_portrait,meta,portrait
full_diaper,general,unclean_diaper
full_foot_pawpads,general,
full_moon,general,moon
full_nelson,general,
fully_bound,general,bound
fully_clothed,general,clothed
fully_clothed_anthro,general,"clothed_anthro,fully_clothed"
fully_clothed_female,general,"clothed_female,fully_clothed"
fully_clothed_human,general,"clothed_human,fully_clothed"
fully_clothed_humanoid,general,"clothed_humanoid,fully_clothed"
fully_clothed_male,general,"clothed_male,fully_clothed"
fully_inside,general,
fully_sheathed,general,sheath
fully_submerged,general,
fundoshi,general,"japanese_clothing,underwear"
fungi_fauna,species,"elemental_creature,fungus"
fungus,general,
funtime_foxy_(fnaf),character,five_nights_at_freddy's
fupa,general,
fur,general,
fur_growth,general,"fur,growth"
fur_markings,general,"fur,markings"
fur_trim_(clothing),general,
fur_tuft,general,"fur,tuft"
furfrou,species,pokemon_(species)
furgonomic_bottomwear,general,"bottomwear,furgonomics"
furgonomic_hat,general,"furgonomic_headwear,hat"
furgonomic_headwear,general,"furgonomics,headwear"
furgonomic_piercing,general,"furgonomics,jewelry,piercing"
furgonomics,general,
furniture,general,
furred_dragon,species,"dragon,furred_scalie"
furred_kobold,species,"furred_scalie,kobold"
furred_scalie,species,"fur,scalie"
furred_shark,species,"fur,shark"
furret,species,pokemon_(species)
furrification,general,
furrowed_eyebrows,general,
furry_tail,general,"fur,tail"
fursuit,general,costume
fury_(httyd),species,dragon
fused_shadow,general,headwear
fusion,general,
futuristic,general,
fuzzy,general,
fwench_fwy_(chikn_nuggit),character,
fyr_(fenrir784),character,
g-string,general,underwear
gabby_(mlp),character,friendship_is_magic
gabumon,species,digimon_(species)
gadget_hackwrench,character,
gag,general,
gagged,general,gag
gagging,general,
gaia,species,
galarian_form,species,pokemon_(species)
galarian_ponyta,species,galarian_form
gallade,species,pokemon_(species)
gallus_(mlp),character,friendship_is_magic
game_console,general,electronics
game_controller,general,controller
game_over,general,gameplay_mechanics
gameplay_mechanics,general,
gaming,general,
gaming_chair,general,
gammamon,species,digimon_(species)
gangbang,general,group_sex
ganglie_(tas),character,
ganondorf,character,
gantu,character,
gaomon,species,digimon_(species)
gaping,general,
gaping_anus,general,"anus,gaping"
gaping_mouth,general,open_mouth
gaping_vagina,general,"gaping,vulva"
garchomp,species,pokemon_(species)
garden,general,
gardevoir,species,pokemon_(species)
garfield_the_cat,character,
gargomon,species,digimon_(species)
gargoyle,species,mythological_creature
garland,general,flower
garrus_vakarian,character,
garry's_mod,copyright,
garter,general,accessory
garter_belt,general,garter_straps
garter_straps,general,straps
gary_de'snake,character,zootopia
gas,general,
gas_mask,general,mask
gasp,general,
gassy,general,
gastly,species,pokemon_(species)
gastropod,species,mollusk
gastropod_humanoid,species,"gastropod,mollusk_humanoid"
gatomon,species,digimon_(species)
gauged_ear,general,ear_piercing
gauntlets,general,"armor,gloves"
gawr_gura,character,vtuber
gazelle,species,antelope
gazelle_(zootopia),character,zootopia
gazimon,species,digimon_(species)
gear,general,
gear_(foxgear),character,
gecko,species,lizard
gem,general,
gem_(species),species,
gemma_polson,character,
gender_symbol,general,symbol
gender_transformation,general,transformation
genet,species,viverrid
gengar,species,pokemon_(species)
genie,species,
genital_close-up,general,"close-up,genitals"
genital_expansion,general,"expansion,genitals"
genital_fluids,general,bodily_fluids
genital_focus,general,genitals
genital_growth,general,growth
genital_markings,general,"genitals,markings"
genital_mutilation,general,"genital_torture,mutilation"
genital_outline,general,
genital_piercing,general,"genitals,jewelry,piercing"
genital_shot,general,genital_focus
genital_slit,general,animal_genitalia
genital_torture,general,
genital_worship,general,body_worship
genitals,general,
gentle_femdom,general,dominant_female
geometric_background,general,simple_background
german_shepherd,species,herding_dog
gerudo,species,
gervic_(vju79),character,
gesture,general,
ghidorah_(species),species,
ghost,species,spirit
ghost_hand,general,disembodied_hand
ghost_tail,general,tail
giant_pacific_octopus,species,octopus
giant_panda,species,bear
gideon_grey,character,zootopia
gift,general,
gift_box,general,box
gift_wrapped,general,
giga,general,macro
gigantamax_pokemon,species,pokemon_(species)
gilda_(mlp),character,friendship_is_magic
gills,general,
gimp_mask,general,"bdsm_gear,mask"
gimp_suit,general,bdsm_gear
gin_(blackfox85),character,
ginger_(iginger),character,
girafarig,species,pokemon_(species)
giraffe,species,giraffid
giraffid,species,mammal
giratina,species,pokemon_(species)
glaceon,species,pokemon_(species)
glameow,species,pokemon_(species)
glamfur,general,
glamrock_chica,character,five_nights_at_freddy's
glamrock_freddy,character,five_nights_at_freddy's
glans,general,penis
glare,general,
glass,general,
glass_container,general,"container,glass"
glass_cup,general,"cup,glass_container"
glasses,general,eyewear
glasses_on_head,general,"eyewear_on_head,glasses"
glasses_only,general,"eyewear_only,wearing_glasses"
glistening,general,
glistening_anus,general,"anus,glistening"
glistening_areola,general,"areola,glistening"
glistening_arms,general,glistening
glistening_balls,general,"balls,glistening_genitalia"
glistening_belly,general,glistening_body
glistening_body,general,glistening
glistening_breasts,general,"breasts,glistening"
glistening_butt,general,"butt,glistening"
glistening_clothing,general,"clothing,glistening"
glistening_eyelids,general,glistening
glistening_eyes,general,glistening
glistening_face,general,glistening
glistening_fur,general,"fur,glistening_body"
glistening_genitalia,general,"genitals,glistening"
glistening_glans,general,"glans,glistening_penis"
glistening_hair,general,"glistening,hair"
glistening_latex,general,"glistening,latex"
glistening_legs,general,glistening
glistening_legwear,general,"glistening_clothing,legwear"
glistening_nipples,general,"glistening,nipples"
glistening_nose,general,glistening
glistening_pawpads,general,"glistening,pawpads"
glistening_penis,general,"glistening_genitalia,penis"
glistening_scales,general,"glistening_body,scales"
glistening_skin,general,glistening_body
glistening_tail,general,"glistening,tail"
glistening_thighs,general,glistening
glistening_tongue,general,"glistening,tongue"
glistening_vulva,general,"glistening_genitalia,vulva"
glitch,general,
glitchtrap,character,
gloria_(madagascar),character,
gloria_(pokemon),character,
glorp,general,
glory_hole,general,
gloves,general,handwear
gloves_(marking),general,markings
gloves_only,general,"gloves,handwear_only"
glowing,general,
glowing_body,general,glowing
glowing_cum,general,"glowing,unusual_cum"
glowing_eyes,general,glowing
glowing_genitalia,general,"genitals,glowing"
glowing_hair,general,"glowing,hair"
glowing_horn,general,"glowing,horn"
glowing_markings,general,"glowing,markings"
glowing_mouth,general,glowing
glowing_nipples,general,"glowing,nipples"
glowing_penis,general,"glowing_genitalia,penis"
glowing_tongue,general,"glowing,tongue"
glowing_vulva,general,"glowing_genitalia,vulva"
glowstick,general,
gnar_(lol),character,
gnoll,species,hyena
gnome,species,humanoid
goat,species,caprine
goat_demon,species,"caprine_demon,goat"
goat_humanoid,species,"caprine_humanoid,goat"
goat_lucifer_(helltaker),character,
goatee,general,facial_hair
goblin,species,humanoid
godzilla,character,
goemon_(tas),character,
goggles,general,eyewear
goggles_on_head,general,"eyewear_on_head,goggles"
goku,character,
gold_(metal),general,
gold_bikini,general,bikini
gold_bracelet,general,"bracelet,gold_jewelry"
gold_chain,general,"chain,gold_(metal)"
gold_chastity_cage,general,"chastity_cage,gold_(metal)"
gold_coin,general,"coin,gold_(metal)"
gold_collar,general,"gold_(metal),metal_collar"
gold_ear_ring,general,"ear_ring,gold_piercing"
gold_jewelry,general,"gold_(metal),jewelry"
gold_necklace,general,"gold_jewelry,necklace"
gold_piercing,general,"gold_jewelry,piercing"
gold_ring,general,ring
gold_tooth,general,gold_(metal)
golden_eagle,species,eagle
golden_freddy_(fnaf),character,five_nights_at_freddy's
golden_markings,general,
golden_retriever,species,retriever
golden_shower,general,watersports
goldfish,species,cyprinid
gomamon,species,digimon_(species)
goo-connected_lips,general,
goo_creature,species,
goo_dragon,species,goo_creature
goo_drip,general,
goo_hair,general,pseudo_hair
goo_humanoid,species,"goo_creature,humanoid"
goo_transformation,general,transformation
good_boy,general,
good_girl,general,
goodra,species,pokemon_(species)
goofy_(disney),character,
goomba,species,waddling_head
goombella,character,
goon_(goonie_san),character,
goose,species,anserine
gore,general,
gore_focus,general,gore
gorgon,species,
gorilla,species,ape
goth,general,alternative_fashion
gothic_lolita,general,"goth,lolita_(fashion)"
gothitelle,species,pokemon_(species)
gouhin_(beastars),character,
goumang_(nine_sols),character,
gourgeist,species,pokemon_(species)
gown,general,
grabbing,general,
grabbing_both_legs,general,leg_grab
grabbing_both_thighs,general,"grabbing_both_legs,thigh_grab"
grabbing_from_behind,general,grabbing
grabbing_sheets,general,"bed_sheet,grabbing"
gradient_background,general,simple_background
gradient_fur,general,fur
gradient_hair,general,hair
gradient_penis,general,penis
graff_filsh,character,
graffiti,general,
grandfathered_content,meta,
grape,general,fruit
graphite_(artwork),meta,traditional_media_(artwork)
grass,general,plant
great_dane,species,mastiff
great_white_shark,species,white_shark
greaves,general,armor
green_anus,general,anus
green_areola,general,areola
green_arms,general,
green_background,general,simple_background
green_balls,general,"balls,green_genitals"
green_bikini,general,"bikini,green_swimwear"
green_body,general,
green_bottomwear,general,"bottomwear,green_clothing"
green_claws,general,claws
green_clothing,general,clothing
green_dress,general,"dress,green_clothing"
green_ears,general,
green_eyebrows,general,eyebrows
green_eyes,general,
green_eyeshadow,general,"eyeshadow,green_makeup"
green_face,general,
green_fart_cloud,general,fart_cloud
green_feathers,general,"feathers,green_body"
green_footwear,general,"footwear,green_clothing"
green_fox_(foxes_in_love),character,
green_fur,general,"fur,green_body"
green_genitals,general,genitals
green_glans,general,glans
green_gloves,general,"gloves,green_clothing"
green_hair,general,hair
green_hat,general,"green_headwear,hat"
green_headwear,general,"green_clothing,headwear"
green_highlights,general,highlights_(coloring)
green_hoodie,general,"green_topwear,hoodie"
green_horn,general,horn
green_inner_ear,general,
green_jacket,general,"green_topwear,jacket"
green_legwear,general,"green_clothing,legwear"
green_lips,general,lips
green_makeup,general,makeup
green_markings,general,markings
green_nails,general,colored_nails
green_nipples,general,nipples
green_nose,general,
green_panties,general,"green_underwear,panties"
green_pants,general,"green_bottomwear,pants"
green_pawpads,general,pawpads
green_penis,general,"green_genitals,penis"
green_pupils,general,
green_scales,general,"green_body,scales"
green_sclera,general,
green_shirt,general,"green_topwear,shirt"
green_shorts,general,"green_bottomwear,shorts"
green_skin,general,green_body
green_skirt,general,"green_bottomwear,skirt"
green_stripes,general,stripes
green_sweater,general,"green_topwear,sweater"
green_swimwear,general,"green_clothing,swimwear"
green_tail,general,tail
green_tentacles,general,tentacles
green_text,general,text
green_tongue,general,tongue
green_topwear,general,"green_clothing,topwear"
green_underwear,general,"green_clothing,underwear"
green_vulva,general,"green_genitals,vulva"
green_wings,general,wings
green_yoshi,species,yoshi
greeting,general,
gregg_lee,character,
gremlin_(spiral_knights),species,
greninja,species,pokemon_(species)
grey_areola,general,areola
grey_background,general,simple_background
grey_balls,general,"balls,grey_genitals"
grey_beak,general,beak
grey_belly,general,grey_body
grey_body,general,
grey_border,general,border
grey_bottomwear,general,"bottomwear,grey_clothing"
grey_breasts,general,breasts
grey_claws,general,claws
grey_clothing,general,clothing
grey_countershading,general,"countershading,grey_body"
grey_ears,general,
grey_eyebrows,general,eyebrows
grey_eyes,general,
grey_face,general,
grey_feathers,general,"feathers,grey_body"
grey_footwear,general,"footwear,grey_clothing"
grey_fox,species,fox
grey_fur,general,"fur,grey_body"
grey_genitals,general,genitals
grey_hair,general,hair
grey_hands,general,
grey_hooves,general,hooves
grey_horn,general,horn
grey_inner_ear,general,
grey_legwear,general,"grey_clothing,legwear"
grey_markings,general,markings
grey_nipples,general,nipples
grey_nose,general,
grey_pants,general,"grey_bottomwear,pants"
grey_pawpads,general,pawpads
grey_penis,general,"grey_genitals,penis"
grey_scales,general,"grey_body,scales"
grey_sclera,general,
grey_sheath,general,"grey_genitals,sheath"
grey_shirt,general,"grey_topwear,shirt"
grey_shorts,general,"grey_bottomwear,shorts"
grey_skin,general,grey_body
grey_spots,general,spots
grey_squirrel,species,tree_squirrel
grey_stripes,general,stripes
grey_tail,general,tail
grey_text,general,
grey_topwear,general,"grey_clothing,topwear"
grey_tuft,general,tuft
grey_underwear,general,"grey_clothing,underwear"
grey_vulva,general,"grey_genitals,vulva"
grey_wings,general,wings
greyscale,meta,monochrome
grid_layout,meta,
grimace,general,
grin,general,smile
grinding,general,
grinning_at_viewer,general,"grin,smiling_at_viewer"
gris_swimsuit,copyright,"meme_clothing,one-piece_swimsuit,translucent_swimwear"
grizzly_(we_bare_bears),character,
grizzly_bear,species,brown_bear
grookey,species,pokemon_(species)
grope,general,grabbing
groping_from_behind,general,"grabbing_from_behind,grope"
groudon,species,pokemon_(species)
ground_shark,species,shark
ground_squirrel,species,sciurid
group,general,
group_masturbation,general,"group,masturbation"
group_nudity,general,"group,nude"
group_sex,general,"group,sex"
grovyle,species,pokemon_(species)
growling,general,
growlithe,species,pokemon_(species)
growlmon,species,digimon_(species)
growth,general,
grumpus,species,
grumpy,general,
grunting,general,
gryphon,species,mythological_avian
guard,general,
guardian_spirit,species,
gui,general,
guiche_piercing,general,"jewelry,perineum,piercing"
guide_lines,meta,
guilmon,species,digimon_(species)
guinea_pig,species,caviid
guitar,general,plucked_string_instrument
gull,species,lari
gulonine,species,mustelid
gulusgammamon,species,digimon_(species)
gumball_watterson,character,
gummigoo_(tadc),character,
gummy_(food),general,candy
gummy_(mlp),character,friendship_is_magic
gummy_creature,species,"gummy_(food),living_candy"
gums,general,
gun,general,ranged_weapon
guts,general,organs
gwen_martin,character,
gwen_tennyson,character,
gyaru,general,j-fashion
gym,general,
gym_leader,character,
gym_shorts,general,"athletic_wear,shorts"
gynomorph,general,intersex
gynomorph/ambiguous,general,"gynomorph,intersex/ambiguous"
gynomorph/female,general,"gynomorph,intersex/female"
gynomorph/gynomorph,general,"gynomorph,intersex/intersex"
gynomorph/herm,general,"gynomorph,herm,intersex/intersex"
gynomorph/male,general,"gynomorph,intersex/male"
gynomorph_anthro,general,"gynomorph,intersex_anthro"
gynomorph_humanoid,general,"gynomorph,humanoid"
gynomorph_on_human,general,"gynomorph,human"
gynomorph_penetrated,general,"gynomorph,intersex_penetrated"
gynomorph_penetrating,general,"gynomorph,intersex_penetrating"
gynomorph_penetrating_female,general,"gynomorph/female,gynomorph_penetrating,intersex_penetrating_female"
gynomorph_penetrating_gynomorph,general,"gynomorph/gynomorph,gynomorph_penetrated,gynomorph_penetrating,intersex_penetrating_intersex"
gynomorph_penetrating_male,general,"gynomorph/male,gynomorph_penetrating,intersex_penetrating_male"
gynomorph_pred,general,"gynomorph,intersex_pred"
gyobu_(tas),character,
gyro_feather,character,
hadou_(satsui-n0-had0u),character,
hadrosaurid,species,ornithopod
haida_(aggretsuko),character,aggretsuko
hair,general,
hair_accessory,general,accessory
hair_between_eyes,general,hair
hair_bow,general,"bow_ribbon,hair_ribbon"
hair_bun,general,hair
hair_grab,general,"grabbing,touching_hair"
hair_over_eye,general,hair
hair_over_eyes,general,hair
hair_ribbon,general,"hair_accessory,ribbons"
hair_ring,general,hair_accessory
hair_tie,general,hair_accessory
hairband,general,hair_accessory
hairbrush,general,brush
hairclip,general,hair_accessory
hairless,general,
hairless_cat,species,"domestic_cat,hairless"
hairless_dog,species,"domestic_dog,hairless"
hairless_tail,general,
hairpin,general,hair_accessory
hairy,general,
hairy_balls,general,"balls,body_hair"
hairy_legs,general,hairy
hairy_vulva,general,vulva
half-closed_eyes,general,narrowed_eyes
half-erect,general,penis
half-length_portrait,meta,portrait
halftone,meta,
halftone_background,general,"halftone,pattern_background"
halloween,copyright,holidays
halloween_costume,general,"costume,halloween"
hallway,general,
halo,general,
halter,general,
halter_top,general,
hammer,general,tools
hammock,general,
hamster,species,cricetid
hand_behind_back,general,
hand_behind_head,general,
hand_fan,general,
hand_gesture,general,gesture
hand_holding,general,
hand_imprint,general,imprint
hand_in_pocket,general,pockets
hand_in_underwear,general,underwear
hand_on_another's_breast,general,hand_on_breast
hand_on_another's_butt,general,hand_on_butt
hand_on_another's_head,general,hand_on_head
hand_on_arm,general,
hand_on_back,general,
hand_on_balls,general,balls
hand_on_belly,general,
hand_on_breast,general,breasts
hand_on_butt,general,
hand_on_cheek,general,cheek
hand_on_chest,general,
hand_on_chin,general,
hand_on_crotch,general,
hand_on_face,general,
hand_on_foot,general,feet
hand_on_ground,general,
hand_on_hand,general,
hand_on_head,general,
hand_on_hip,general,
hand_on_knee,general,hand_on_leg
hand_on_leg,general,
hand_on_mouth,general,
hand_on_neck,general,
hand_on_own_belly,general,hand_on_belly
hand_on_own_breast,general,hand_on_breast
hand_on_own_butt,general,hand_on_butt
hand_on_own_hip,general,hand_on_hip
hand_on_own_leg,general,hand_on_leg
hand_on_own_penis,general,hand_on_penis
hand_on_own_thigh,general,"hand_on_own_leg,hand_on_thigh"
hand_on_penis,general,penis
hand_on_shoulder,general,
hand_on_tail,general,tail
hand_on_thigh,general,hand_on_leg
hand_on_vulva,general,vulva
hand_on_wall,general,
hand_print,general,
hand_spike,general,spikes_(anatomy)
hand_under_leg,general,
hand_wraps,general,wraps
handbag,general,
handcuffed,general,handcuffs
handcuffs,general,metal_cuffs
handgun,general,gun
handjob,general,"penile,sex"
handjob_while_penetrated,general,"handjob,penetration"
handjob_while_penetrating,general,"handjob,penetration"
handjob_while_rimming,general,"handjob,reach_around,rimming"
handle,general,
handpaw,general,paws
hands-free,general,ejaculation
hands_above_head,general,
hands_behind_back,general,
hands_behind_head,general,
hands_in_both_pockets,general,hand_in_pocket
hands_on_hips,general,
hands_on_knees,general,hands_on_legs
hands_on_legs,general,
hands_on_own_hips,general,hands_on_hips
hands_on_own_legs,general,hands_on_legs
hands_on_shoulders,general,
hands_on_thighs,general,hands_on_legs
hands_tied,general,bound
hands_tied_behind_back,general,"hands_behind_back,hands_tied"
hands_together,general,
handstand,general,
handwear,general,clothing
handwear_only,general,"handwear,mostly_nude"
handwritten_text,meta,text
hanged,general,
hanging_breasts,general,breasts
haplorhine,species,primate
happy,general,
happy_birthday,general,
happy_trail,general,body_hair
hard_hat,general,helmet
hard_vore,general,vore
hare,species,leporid
harem,general,
harem_outfit,general,clothing
hariet_(mario),character,
harness,general,
harness_ball_gag,general,"ball_gag,harness_gag"
harness_gag,general,"gag,halter"
harness_only,general,harness
harpy,species,mythological_avian
haru_(beastars),character,
hat,general,headwear
hat_feather,general,"headwear,loose_feather"
hat_only,general,"hat,headwear_only"
hatching_(art),meta,shaded
hatsune_miku,character,
hatterene,species,pokemon_(species)
haunter,species,pokemon_(species)
haxorus,species,pokemon_(species)
hay,general,
hay_bale,general,hay
haydee,character,
hazard_symbol,general,symbol
hazel_(shakotanbunny),character,
head_back,general,
head_between_breasts,general,
head_crest,general,
head_feathers,general,
head_fin,general,fin
head_first,general,
head_flower,general,
head_frill,general,"frill_(anatomy),head_crest"
head_grab,general,grabbing
head_in_crotch,general,
head_in_mouth,general,
head_markings,general,markings
head_on_hand,general,
head_on_pillow,general,pillow
head_spikes,general,spikes_(anatomy)
head_tilt,general,
head_tuft,general,tuft
head_turned,general,
head_wings,general,unusual_wing_placement
headband,general,accessory
headdress,general,headwear
header,general,
header_box,general,
headgear,general,
headgear_only,general,headgear
headkerchief,general,"headwear,kerchief"
headless,general,
headlock,general,chokehold
headpat,general,hand_on_another's_head
headphones,general,electronics
headphones_around_neck,general,headphones
headset,general,"headgear,headphones"
headshot_portrait,meta,portrait
headwear,general,"clothing,headgear"
headwear_only,general,"headgear_only,headwear,mostly_nude"
health_bar,general,"gameplay_mechanics,gui"
heart_(mad_rat_dead),character,
heart_(marking),general,markings
heart_after_text,general,"heart_symbol,text"
heart_background,general,simple_background
heart_censor,general,"censored,heart_symbol"
heart_clothing,general,"clothing,heart_symbol"
heart_eyes,general,heart_symbol
heart_font,general,"heart_symbol,text"
heart_gesture,general,gesture
heart_nose,general,heart_symbol
heart_print,general,heart_symbol
heart_pupils,general,heart_symbol
heart_reaction,general,heart_symbol
heart_symbol,general,
heart_underwear,general,"heart_clothing,underwear"
hearts_around_body,general,heart_symbol
hearts_around_head,general,heart_symbol
hearts_around_text,general,"heart_symbol,text"
heat_(temperature),general,
hedgehog,species,eulipotyphlan
hekapoo,character,
held_up,general,
helia_peppercats,character,
helicopter,general,aircraft
heliolisk,species,pokemon_(species)
hell,general,
hellhound,species,"canine_demon,mythological_canine"
hello_kitty_(character),character,
helmet,general,"armor,headgear"
helmet_only,general,"headgear_only,helmet"
helpless,general,
hemipenes,general,"2_penises,animal_penis"
herding_dog,species,pastoral_dog
hereford_cattle,species,cattle
herm,general,intersex
herm/female,general,"herm,intersex/female"
herm/male,general,"herm,intersex/male"
herm_penetrated,general,"herm,intersex_penetrated"
herm_penetrating,general,"herm,intersex_penetrating"
herpestid,species,mammal
heterochromia,general,
hex_maniac,character,
hiccup_horrendous_haddock_iii,character,
hidden_eyes,general,
hiding,general,
high-angle_view,general,
high_heeled_boots,general,"boots,high_heels"
high_heeled_sandals,general,"high_heels,sandals"
high_heels,general,shoes
highland_cattle,species,cattle
highleg,general,clothing
highlights_(coloring),general,
hilda_(pokemon),character,
hill,general,
hindpaw,general,"feet,paws"
hip_grab,general,grabbing
hip_tuft,general,tuft
hippogriff,species,mythological_avian
hiro_amanokawa,character,
hisuian_form,species,pokemon_(species)
hisuian_typhlosion,species,hisuian_form
hisuian_zoroark,species,hisuian_form
hisuian_zorua,species,hisuian_form
hitachi_magic_wand,general,wand_vibrator
hitch_trailblazer_(mlp),character,
ho-oh,species,pokemon_(species)
hobkin,species,
hogtied,general,bound
holding_another,general,
holding_another's_penis,general,holding_penis
holding_arm,general,
holding_axe,general,"axe,holding_object"
holding_bag,general,bag
holding_ball,general,"ball,holding_object"
holding_balls,general,balls
holding_belly,general,
holding_beverage,general,"beverage,holding_object"
holding_book,general,"book,holding_object"
holding_both_legs,general,holding_leg
holding_bottle,general,"bottle,holding_container"
holding_breast,general,breasts
holding_butt,general,
holding_can,general,"can,holding_container"
holding_candy,general,"candy,holding_food"
holding_cellphone,general,"cellphone,holding_phone"
holding_character,general,
holding_cigarette,general,"cigarette,holding_object"
holding_clipboard,general,"clipboard,holding_object"
holding_clothing,general,"clothing,holding_object"
holding_condom,general,"condom,holding_object"
holding_container,general,"container,holding_object"
holding_controller,general,"controller,holding_object"
holding_cup,general,"cup,holding_container"
holding_dildo,general,"dildo,holding_sex_toy"
holding_face,general,
holding_flag,general,"flag_(object),holding_object"
holding_flower,general,"flower,holding_object,holding_plant"
holding_food,general,"food,holding_object"
holding_game_controller,general,"game_controller,holding_controller"
holding_glass,general,holding_object
holding_gun,general,"gun,holding_ranged_weapon"
holding_handgun,general,"handgun,holding_gun"
holding_hat,general,"hat,holding_clothing,holding_headgear"
holding_head,general,
holding_headgear,general,"headgear,holding_object"
holding_knife,general,"holding_object,knife"
holding_leash,general,"holding_object,leash"
holding_leg,general,
holding_legs_up,general,"holding_both_legs,legs_up"
holding_melee_weapon,general,"holding_weapon,melee_weapon"
holding_microphone,general,"holding_object,microphone"
holding_mug,general,"holding_cup,mug"
holding_musical_instrument,general,"holding_object,musical_instrument"
holding_object,general,
holding_own_penis,general,holding_penis
holding_paper,general,"holding_object,paper"
holding_pen,general,"holding_object,pen"
holding_penis,general,penis
holding_phone,general,"holding_object,phone"
holding_pistol,general,"holding_handgun,pistol"
holding_plant,general,plant
holding_plate,general,plate
holding_plushie,general,"holding_object,plushie"
holding_pokeball,general,"holding_object,pokeball"
holding_polearm,general,"holding_melee_weapon,polearm"
holding_ranged_weapon,general,"holding_weapon,ranged_weapon"
holding_rifle,general,"holding_gun,rifle"
holding_sex_toy,general,"holding_object,sex_toy"
holding_sign,general,"holding_object,sign"
holding_smartphone,general,"holding_cellphone,smartphone"
holding_spear,general,"holding_polearm,spear"
holding_staff,general,"holding_object,staff"
holding_sword,general,"holding_melee_weapon,sword"
holding_tail,general,tail
holding_thigh,general,holding_leg
holding_tool,general,"holding_object,tools"
holding_towel,general,"holding_object,towel"
holding_underwear,general,"holding_clothing,underwear"
holding_weapon,general,"holding_object,weapon"
hole_(anatomy),general,
holiday_message,general,
holidays,general,
hollow_knight_(character),character,
holly_(plant),general,plant
holo_(spice_and_wolf),character,
hologram,general,
holowear_(pokemon),general,
holstein_friesian_cattle,species,cattle
holster,general,
homophobic_slur,general,
honey_(food),general,food
honey_badger,species,badger
honey_bee,species,bee
honey_the_cat,character,
hood,general,
hood_up,general,
hoodie,general,topwear
hoodie_only,general,"hoodie,topwear_only"
hoodwink_(dota),character,
hoof_hands,general,
hook,general,
hook_hand,general,hook
hoop_ear_ring,general,ear_ring
hoopa_(confined),species,pokemon_(species)
hooved_fingers,general,"fingers,hooves"
hooved_plantigrade,general,"hooved_toes,plantigrade"
hooved_toes,general,hooves
hooves,general,
horizontal_blockage,meta,
horizontal_cloaca,general,cloaca
horizontal_diphallism,general,diphallism
horizontal_pupils,general,
horkeu_kamui_(tas),character,
horn,general,
horn_accessory,general,"accessory,furgonomics,horn"
horn_grab,general,"grabbing,horn"
horn_jewelry,general,"horn,jewelry"
horn_piercing,general,"furgonomic_piercing,horn"
horn_ring,general,"horn_jewelry,ring_(jewelry)"
horned_humanoid,species,"horn,humanoid"
horned_owl,species,true_owl
hornet_(hollow_knight),character,
horror_(theme),general,
horse,species,equine
horse_humanoid,species,"equine_humanoid,horse"
horse_tail,general,tail
horseshoe,general,
hose,general,
hose_inflation,general,"hose,inflation"
hospital,general,medical
hot_dog,general,food
hot_dogging,general,"penile,sex"
hot_spring,general,water
hot_tub,general,
hotel,general,
hotpants,general,shorts
houndoom,species,pokemon_(species)
houndour,species,pokemon_(species)
hourglass_figure,general,curvy_figure
house,general,building
house_mouse,species,mouse
howl,general,
hrothgar,species,felid
hug,general,
huge_anus,general,anus
huge_areola,general,areola
huge_balls,general,balls
huge_belly,general,
huge_breasts,general,breasts
huge_bulge,general,bulge
huge_butt,general,butt
huge_diaper,general,big_diaper
huge_dildo,general,dildo
huge_ears,general,
huge_feet,general,feet
huge_hips,general,wide_hips
huge_knot,general,knot
huge_muscles,general,muscular
huge_nipples,general,nipples
huge_pecs,general,pecs
huge_penetration,general,penetration
huge_penis,general,penis
huge_tail,general,tail
huge_teats,general,teats
huge_thighs,general,thick_thighs
hugging_another,general,hug
hugging_from_behind,general,hugging_another
hugging_object,general,hug
hugging_penis,general,penis
hugging_pillow,general,"hugging_object,pillow"
hugtastic_pinkie_pie,character,
human,species,mammal
human_and_animal_ears,general,"animal_ears,humanoid_ears,multi_ear"
human_focus,general,human
human_on_anthro,general,"anthro,human,interspecies"
human_on_bottom,general,"human,on_bottom"
human_on_feral,general,"feral,human,interspecies"
human_on_human,general,"human,intraspecies"
human_on_humanoid,general,"human,humanoid,interspecies"
human_only,general,"human,not_furry"
human_penetrated,general,"human,penetration"
human_penetrating,general,"human,penetration"
human_penetrating_anthro,general,"anthro_penetrated,human_on_anthro,human_penetrating,sex"
human_penetrating_female,general,"female_on_human,female_penetrated,human_penetrating"
human_penetrating_feral,general,"feral_penetrated,human_on_feral,human_penetrating,sex"
human_penetrating_humanoid,general,"human_on_humanoid,human_penetrating,humanoid_penetrated,sex"
human_penetrating_male,general,"human_penetrating,male_on_human,male_penetrated"
human_pov,general,"first_person_view,human"
human_prey,general,human
human_to_anthro,general,species_transformation
human_to_feral,general,species_transformation
human_to_humanoid,general,species_transformation
humanized,general,human
humanoid,species,
humanoid_ears,general,
humanoid_face,general,
humanoid_feet,general,"feet,plantigrade"
humanoid_focus,general,humanoid
humanoid_genitalia,general,genitals
humanoid_genitalia_on_feral,general,"feral,humanoid_genitalia"
humanoid_hands,general,
humanoid_heel,general,
humanoid_on_anthro,general,"anthro,humanoid"
humanoid_on_feral,general,"feral,humanoid"
humanoid_on_humanoid,general,humanoid
humanoid_penetrated,general,"humanoid,penetration"
humanoid_penetrating,general,"humanoid,penetration"
humanoid_penetrating_anthro,general,"anthro_penetrated,humanoid_on_anthro,humanoid_penetrating,sex"
humanoid_penetrating_human,general,"human_on_humanoid,human_penetrated,humanoid_penetrating,sex"
humanoid_penetrating_humanoid,general,"humanoid_on_humanoid,humanoid_penetrated,humanoid_penetrating,sex"
humanoid_penis,general,"humanoid_genitalia,penis"
humanoid_pointy_ears,general,pointy_ears
humanoid_taur,species,"humanoid,taur"
humanoid_vulva,general,"humanoid_genitalia,vulva"
humanoid_vulva_on_feral,general,"humanoid_genitalia_on_feral,humanoid_vulva"
humanoidized,general,humanoid
humiliation,general,
hummingbird,species,bird
humor,general,
humping,general,
hung_(arknights),character,
hung_bottom,general,
hungry,general,
hunting_dog,species,domestic_dog
husband,general,
husband_and_wife,general,"husband,married_couple,wife"
husk_(hazbin_hotel),character,
husky,species,nordic_sled_dog
hybrid,species,
hybrid_(fortnite),character,
hybrid_genitalia,general,genitals
hybrid_penis,general,"hybrid_genitalia,penis"
hybrid_pokemon,species,"hybrid,pokemon_(species)"
hydra,species,
hydreigon,species,pokemon_(species)
hyena,species,mammal
hyenid_(species),species,
hylian,species,
hymenopteran,species,insect
hymenopteran_humanoid,species,"hymenopteran,insect_humanoid"
hyper,general,
hyper_anus,general,"anus,hyper"
hyper_areola,general,"areola,hyper"
hyper_balls,general,"balls,hyper_genitalia"
hyper_belly,general,hyper
hyper_breasts,general,"breasts,hyper"
hyper_bulge,general,"bulge,hyper"
hyper_butt,general,"butt,hyper"
hyper_cum,general,"excessive_cum,hyper"
hyper_feces,general,"excessive_feces,hyper"
hyper_genitalia,general,"genitals,hyper"
hyper_hips,general,"huge_hips,hyper"
hyper_inflation,general,"hyper,inflation"
hyper_muscles,general,"hyper,muscular"
hyper_nipples,general,"hyper,nipples"
hyper_pecs,general,"hyper_muscles,pecs"
hyper_penis,general,"hyper_genitalia,penis"
hyper_pregnancy,general,"hyper,pregnant"
hyper_thighs,general,"huge_thighs,hyper"
hyper_vulva,general,"hyper_genitalia,vulva"
hypno_(pokemon),species,pokemon_(species)
hypnosis,general,mind_control
hypnotic_eyes,general,
hypnotic_visor,general,
i_mean_breast_milk,copyright,meme
ibex,species,goat
ice,general,
ice_bear_(we_bare_bears),character,
ice_cream,general,dessert
ice_cream_cone,general,dessert
icewing_(wof),species,western_dragon
icon,meta,
iconography,general,
iguana,species,lizard
ilulu,character,
imagination,general,
imminent_anal,general,
imminent_death,general,
imminent_facesitting,general,
imminent_knotting,general,
imminent_oral,general,
imminent_orgasm,general,
imminent_rape,general,imminent_sex
imminent_sex,general,
imminent_vore,general,
immobile,general,
immobilization,general,
imp,species,demon_humanoid
impact_onomatopoeia,general,contact_onomatopoeia
impalement,general,
implied_incest,general,
implied_transformation,general,
impmon,species,digimon_(species)
impregnation,general,
impregnation_request,general,
imprint,general,
improvised_dildo,general,improvised_sex_toy
improvised_sex_toy,general,
in_container,general,container
in_heat,general,
in_mouth,general,
in_tree,general,tree
inanimate_object,species,
inanimate_transformation,general,transformation
inbreeding,general,
incineroar,species,pokemon_(species)
inco_(iwhtg),character,
indeedee,species,pokemon_(species)
indominus_rex,species,theropod
industrial_piercing,general,"barbell_piercing,ear_piercing"
ineffective_censorship,general,censored
ineffective_clothing,general,clothing
ineffective_loincloth,general,ineffective_clothing
infantilism,general,ageplay
infernape,species,pokemon_(species)
infestation,general,parasite
infidelity,general,
infinite_(sonic),character,
inflatable,general,
inflation,general,
information_board,general,
ink,general,
inkblot,species,
inkling,species,cephalopod
inkling_girl,character,
inner_ear_fluff,general,tuft
inner_monologue,general,thinking
inner_tube,general,inflatable
innie_vulva,general,vulva
insane,general,
insect,species,arthropod
insect_humanoid,species,"arthropod_humanoid,insect"
insect_wings,general,wings
insemination_request,general,cum_request
inside,general,
inside_balls,general,
inside_car,general,"car,inside_vehicle"
inside_clothing,general,clothing
inside_mouth,general,
inside_stomach,general,
inside_train,general,train
inside_vehicle,general,
insult,general,
inteleon,species,pokemon_(species)
intelligence_loss,general,
interjection,general,
interlocked_fingers,general,fingers
internal,general,
internal_anal,general,internal
internal_oral,general,internal
internal_vaginal,general,internal
interrobang,general,
intersex,general,
intersex/ambiguous,general,"ambiguous_gender,intersex"
intersex/female,general,"female,intersex"
intersex/intersex,general,intersex
intersex/male,general,"intersex,male"
intersex_anthro,general,"anthro,intersex"
intersex_focus,general,intersex
intersex_on_bottom,general,"intersex,on_bottom"
intersex_on_feral,general,"feral,intersex"
intersex_on_top,general,"intersex,on_top"
intersex_penetrated,general,"intersex,penetration"
intersex_penetrating,general,"intersex,penetration"
intersex_penetrating_female,general,"female_penetrated,intersex/female,intersex_penetrating,sex"
intersex_penetrating_intersex,general,"intersex/intersex,intersex_penetrated,intersex_penetrating,sex"
intersex_penetrating_male,general,"intersex/male,intersex_penetrating,male_penetrated,sex"
intersex_pred,general,intersex
interspecies,general,
interspecies_domination,general,"dominant,interspecies"
interspecies_impregnation,general,"impregnation,interspecies"
interspecies_pregnancy,general,"interspecies,pregnant"
intestines,general,guts
intimate,general,
intraspecies,general,
inverted_cross,general,cross
inverted_nipples,general,nipples
inviting,general,
inviting_to_sex,general,inviting
ippan_josei,character,
iradeon,species,mammal
iridescent,general,
iris,general,
irken,species,alien_humanoid
irrumatio,general,"penis_in_mouth,sex"
isabelle_(animal_crossing),character,animal_crossing
island,general,
it'll_never_fit,general,
ivy_(deadlock),character,
ivy_pepper,character,
ivysaur,species,pokemon_(species)
izuku_midoriya,character,
izzy_moonbow_(mlp),character,
j-fashion,general,alternative_fashion
jack-o'-lantern,general,
jack-o'_pose,general,"ass_up,pose"
jack_(beastars),character,
jack_frost_(megami_tensei),character,
jack_russell_terrier,species,terrier
jack_savage,character,zootopia
jackal,species,canis
jackal_humanoid,species,"canine_humanoid,jackal"
jackalope,species,"antlers,lagomorph"
jacket,general,topwear
jacket_only,general,"jacket,topwear_only"
jacki_northstar,character,
jaguar,species,pantherine
jake_clawson,character,
jake_long,character,
jake_the_dog,character,
japanese,general,
japanese_clothing,general,east_asian_clothing
japanese_kobold,species,canid
japanese_school_uniform,general,"japanese_clothing,school_uniform"
japanese_text,meta,text
jar,general,container
jax_(tadc),character,
jay_(1upgobbo),character,
jay_(bird),species,corvid
jealous,general,
jean_(minecraft),character,minecraft
jeans,general,"denim_bottomwear,pants"
jellyfish,species,cnidarian
jellymon,species,digimon_(species)
jenna_(balto),character,
jenny_(bucky_o'hare),character,
jenny_wakeman,character,
jerboa,species,rodent
jerry_mouse,character,
jersey,general,shirt
jess_(teckly),character,
jessica_rabbit,character,
jessie_(team_rocket),character,
jester,general,
jet,general,airplane
jet_the_hawk,character,
jewel_(rio),character,
jewel_buttplug,general,"buttplug,gem"
jewelry,general,
jewelry_only,general,jewelry
jex,species,mammal
jiggling,general,
jigglypuff,species,pokemon_(species)
jimmy_crystal,character,
jingle_bell,general,bell
jirachi,species,pokemon_(species)
jock,general,
jockstrap,general,underwear
jockstrap_only,general,"jockstrap,topless,underwear_only"
joints,general,
joke,general,humor
jolteon,species,pokemon_(species)
joltik,species,pokemon_(species)
jon_talbain,character,
jonty,character,
josou_seme,general,
jou,species,
jubei_(blazblue),character,
judy_hopps,character,zootopia
julie_bruin,character,
jumba_jookiba,character,
jumping,general,
jumpsuit,general,clothing
june_(jinu),character,
jungle,general,forest
juno_(beastars),character,
juuichi_mikazuki,character,
k.k._slider,character,animal_crossing
kaa_(jungle_book),character,
kaiju,species,
kaka_(blazblue),species,felid
kalnareff_(character),character,
kamek,character,
kanga,character,
kangaroo,species,macropod
kangaskhan,species,pokemon_(species)
kanna_(blaster_master),character,
kanna_kamui,character,
kappa,species,yokai
karyl_(princess_connect!),character,
kass_(tloz),character,
katana,general,sword
kathrin_vaughan,character,
katia_managan,character,the_elder_scrolls
katress,species,pal_(species)
katrina_fowler,character,
katt_monroe,character,
kazooie,character,
kecleon,species,pokemon_(species)
keidran,species,
keith_keiser,character,
keldeo,species,pokemon_(species)
kemono,general,
kennen_(lol),character,
kerchief,general,
kerchief_only,general,kerchief
key,general,
keyboard,general,
keyboard_instrument,general,musical_instrument
keyhole_clothing,general,clothing
keyhole_turtleneck,general,"cleavage_cutout,turtleneck"
khajiit,species,"felid,the_elder_scrolls"
kiara_(the_lion_king),character,
kick,general,
kicks_(animal_crossing),character,animal_crossing
kidnapping,general,
kig-yar,species,"alien,scalie"
kigurumi,general,onesie
killing,general,
kimiko_five-tails,character,
kimono,general,japanese_clothing
king,general,royalty
king_cheetah,species,cheetah
king_clawthorne,character,
king_dedede,character,
king_ghidorah,character,
king_k._rool,character,
king_sombra_(mlp),character,friendship_is_magic
kion_(the_lion_guard),character,
kirby,character,
kirin,species,mythological_creature
kirlia,species,pokemon_(species)
kiss_mark,general,
kiss_on_lips,general,kissing
kissing,general,
kissing_bough,general,
kissing_cheek,general,kissing
kit_(kitsune_youkai),character,
kit_cloudkicker,character,
kitchen,general,
kitchen_appliance,general,appliance
kitchen_utensils,general,
kitsunami_the_fennec,character,
kitty_katswell,character,
kitty_softpaws,character,
kled_(lol),character,
klonoa,character,
knee_boots,general,"boots,knee_highs"
knee_highs,general,legwear
knee_pads,general,legwear
knee_socks,general,"knee_highs,socks"
knee_tuft,general,leg_tuft
kneeling,general,
kneeling_on_ground,general,kneeling
kneeling_oral_position,general,"from_front_position,kneeling"
kneeling_sex,general,"kneeling,sex"
knife,general,
knight,general,warrior
knock-kneed,general,
knot,general,
knot_hanging,general,"knotting,suspended_by_penis"
knot_in_sheath,general,sheath
knot_root,general,
knot_sitting,general,knot
knotted_dildo,general,"dildo,knot"
knotted_equine_penis,general,"equine_penis,hybrid_penis,knotted_penis"
knotted_humanoid_penis,general,"humanoid_penis,hybrid_penis,knotted_penis"
knotted_penis,general,"knot,penis"
knotting,general,
knuckles_the_echidna,character,
koala,species,vombatiform
kobold,species,scalie
kogenta_(onmyou_taisenki),character,
koi,species,cyprinid
komainu,species,"foo_dog,yokai"
komodo_dragon,species,monitor_lizard
kong,species,primate
koopa,species,scalie
koopa_humanoid,species,"koopa,scalie_humanoid"
koopa_troopa,species,koopa
koopaling,character,
korean_text,meta,text
kounosuke_kuri,character,
kouya_aotsuki,character,
kovu_(the_lion_king),character,
krampus,character,christmas
kremling,species,scalie
kris_dreemurr,character,
krogan,species,"alien_humanoid,scalie"
krookodile,species,pokemon_(species)
krystal_(star_fox),character,
kubold_(atlyss),species,
kulve_taroth,species,dragon
kurama,character,
kuromi,character,
kuruk_(character),character,
kyappy,character,
kyogre,species,pokemon_(species)
kyubi_(yo-kai_watch),character,
lab_coat,general,coat
labia_piercing,general,vulva_piercing
laboratory,general,
laboratory_equipment,general,scientific_instrument
laboratory_glassware,general,"glass,laboratory_equipment"
labrador,species,retriever
labret_piercing,general,lip_piercing
lace,general,
lace_(hollow_knight:_silksong),character,
lace_panties,general,
lactating,general,bodily_fluids
lactating_through_clothing,general,"lactating,wet_clothing"
ladder,general,
ladder_piercing,general,genital_piercing
lady_(lady_and_the_tramp),character,
lady_bow,character,
lady_nora_(twokinds),character,
ladybug,species,beetle
lagomorph,species,mammal
lagomorph_humanoid,species,"lagomorph,mammal_humanoid"
lake,general,
lalafell,species,
lamb_(cult_of_the_lamb),character,
lamb_(lol),character,
lamia,species,"draconcopode,snake,split_form"
lammy_lamb,character,
lamp,general,
lampropeltini,species,snake
land_forme_shaymin,species,shaymin
landscape,general,
landscape_dwarfing,general,macro
lanolin_the_sheep_(sonic),character,
lantern,general,lamp
lapras,species,pokemon_(species)
laptop,general,computer
laquine,species,lagomorph
large_group,general,group
large_penetration,general,penetration
larger_ambiguous,general,"ambiguous_gender,size_difference"
larger_anthro,general,"anthro,size_difference"
larger_dom,general,"dominant,size_difference"
larger_female,general,"female,size_difference"
larger_feral,general,"feral,size_difference"
larger_gynomorph,general,"gynomorph,larger_intersex"
larger_human,general,"human,size_difference"
larger_humanoid,general,"humanoid,size_difference"
larger_intersex,general,"intersex,size_difference"
larger_male,general,"male,size_difference"
larger_on_top,general,on_top
larger_penetrated,general,"penetration,size_difference"
larger_pred,general,size_difference
larger_sub,general,"size_difference,submissive"
lari,species,bird
larva,species,insect
larvitar,species,pokemon_(species)
laser,general,
latex,general,
latex_armwear,general,"armwear,latex_clothing"
latex_body,general,latex
latex_bodysuit,general,"bodysuit,latex_skinsuit"
latex_boots,general,"boots,latex_clothing"
latex_clothing,general,"clothing,latex"
latex_creature,species,
latex_elbow_gloves,general,"elbow_gloves,latex_armwear,latex_gloves"
latex_gloves,general,"gloves,latex_handwear"
latex_handwear,general,"handwear,latex_clothing"
latex_legwear,general,"latex_clothing,legwear"
latex_skinsuit,general,"latex_clothing,skinsuit"
latex_stockings,general,"latex_legwear,stockings"
latex_thigh_highs,general,"latex_legwear,thigh_highs"
latex_topwear,general,"latex_clothing,topwear"
latex_transformation,general,"latex,transformation"
latex_underwear,general,"latex_clothing,underwear"
latias,species,pokemon_(species)
latios,species,pokemon_(species)
laugh,general,
laundry_machine,general,appliance
laura_(twokinds),character,
lava,general,
laverne_(sssonic2),character,
law_(sdorica),character,
leaf,general,
leaf-nosed_bat,species,bat
leaf_hair,general,"leaf,plant_hair"
leaf_tail,general,"leaf,tail"
leafeon,species,pokemon_(species)
leaking,general,
leaking_anus,general,"anus,leaking"
leaking_cum,general,"cum,leaking"
leaking_penis,general,"leaking,penis"
leaking_precum,general,"leaking,precum"
leaking_vagina,general,leaking
leaning,general,
leaning_backward,general,leaning
leaning_forward,general,leaning
leaning_on_another,general,
leaning_on_elbow,general,arm_support
leaning_on_object,general,leaning
leaning_on_wall,general,leaning
leapfrog_position,general,"ass_up,from_behind_position"
leash,general,
leash_in_mouth,general,"leash,object_in_mouth"
leash_pull,general,leash
leashed_collar,general,"collar,leash"
leashed_viewer,general,
leather,general,
leather_bottomwear,general,"bottomwear,leather_clothing"
leather_clothing,general,"clothing,leather"
leather_cuffs,general,"cuff_(restraint),leather"
leather_daddy,general,leather
leather_footwear,general,"footwear,leather_clothing"
leather_harness,general,"harness,leather"
leather_jacket,general,"jacket,leather_topwear"
leather_strap,general,"leather,straps"
leather_topwear,general,"leather_clothing,topwear"
leavanny,species,pokemon_(species)
leg_glider_position,general,"raised_leg,sex"
leg_grab,general,grabbing
leg_hair,general,body_hair
leg_markings,general,markings
leg_scar,general,scar
leg_tattoo,general,tattoo
leg_tuft,general,tuft
leg_warmers,general,legwear
leg_wrap,general,
leg_wraps,general,"legwear,wraps"
legband,general,legwear
legged_snake,species,
leggings,general,legwear
leggy_lamb,character,
legless,general,
lego,copyright,
legoshi_(beastars),character,
legs_back,general,
legs_behind_head,general,"flexible,legs_up"
legs_in_water,general,"partially_submerged,water"
legs_tied,general,bound
legs_together,general,
legs_up,general,
legwear,general,clothing
legwear_only,general,legwear
leib_(tas),character,
lekku_(anatomy),general,
lemur,species,primate
lens_flare,general,
leo_(vg_cats),character,
leo_alvarez,character,
leomon,species,digimon_(species)
leon_powalski,character,
leona_(aka)_little_one,character,
leonardo_(tmnt),character,
leopard,species,pantherine
leopard_cat,species,feline
leopard_spots,general,spots
leopardus,species,feline
leotard,general,clothing
lepi,species,leporid
lepidopteran,species,insect
lepidopteran_humanoid,species,"insect_humanoid,lepidopteran"
lepidopteran_wings,general,insect_wings
leporid,species,lagomorph
letter,general,
letterbox,meta,
letterman_jacket,general,jacket
leucistic,general,
levitation,general,
lgbt_pride,general,
li_li_stormstout,character,warcraft
liara_t'soni,character,
library,general,
licho_(tas),character,
licking,general,tongue
licking_another,general,licking
licking_cum,general,"cum,licking"
licking_lips,general,"licking,lips,tongue_out"
licking_own_lips,general,licking_lips
licking_tip,general,"licking,penis"
licking_tongue,general,licking
lidded_eyes,general,
lien-da,character,
liepard,species,pokemon_(species)
lifeguard,general,
lifted,general,
lifting,general,
lifting_another,general,
liger,species,"hybrid,pantherine"
light,general,
light-skinned_female,general,
light_beam,general,light
light_bulb,general,
light_fury,species,fury_(httyd)
light_genitals,general,genitals
light_skin,general,
lighter,general,
lighting,meta,light
lightning,general,electricity
lightning_bolt,general,
lightning_dust_(mlp),character,friendship_is_magic
lights,general,
lightsaber,general,melee_weapon
lihzahrd,species,terraria
likulau,character,
lila_(kashiwagi_aki),character,
lilith_calah,character,
lillie_(pokemon),character,
lilligant,species,pokemon_(species)
lilo_pelekai,character,
lily_pad,general,plant
limestone_pie_(mlp),character,friendship_is_magic
lin_(changed),character,
lin_hu,character,
line_art,meta,
linear_sequence,general,sequence
lineless,meta,
lineup,general,
lingerie,general,clothing
link,character,
link_(wolf_form),character,
linked_nipples,general,
linked_piercing,general,
linked_speech_bubble,general,speech_bubble
linoone,species,pokemon_(species)
lion,species,pantherine
lion_humanoid,species,"lion,pantherine_humanoid"
lip_piercing,general,"facial_piercing,jewelry"
lip_ring,general,"lip_piercing,ring_(jewelry),ring_piercing"
lips,general,
lipstick,general,makeup
lipstick_on_balls,general,balls
lipstick_on_penis,general,penis
liquid,general,
liquid_inflation,general,inflation
liquid_latex,general,latex
lit_candle,general,candle
litten,species,pokemon_(species)
little_red_riding_hood,character,
livestream,general,
living_aircraft,species,"aircraft,living_vehicle"
living_candy,species,"candy,food_creature"
living_clothing,species,animate_inanimate
living_cloud,species,"cloud,elemental_creature"
living_condom,general,
living_costume,species,living_clothing
living_doll,species,"animate_inanimate,doll"
living_fruit,species,"flora_fauna,food_creature,fruit"
living_inflatable,species,"animate_inanimate,inflatable"
living_insertion,general,
living_latex,species,
living_machine,species,machine
living_mask,species,"animate_inanimate,mask"
living_penis,general,unusual_penis
living_pinata,species,animate_inanimate
living_plushie,species,"animate_inanimate,plushie"
living_room,general,
living_sex_doll,species,animate_inanimate
living_sex_toy,general,
living_tail,general,unusual_tail
living_toy,species,animate_inanimate
living_vehicle,species,"living_machine,vehicle"
lizard,species,reptile
lizard_(petruz),character,
lizard_(rain_world),species,"rain_world,scalie"
lizard_humanoid,species,"lizard,reptile_humanoid"
lizardman,species,scalie
lizardman_(overlord),species,lizardman
llama,species,camelid
lock,general,
lock_bulge,general,"lock_symbol,null_bulge"
lock_symbol,general,symbol
locker,general,
locker_room,general,
log,general,wood
logo,general,
loincloth,general,bottomwear
loincloth_aside,general,"bottomwear_aside,loincloth"
loincloth_only,general,"loincloth,topless"
lola_bunny,character,
lolbit_(fnaf),character,five_nights_at_freddy's
loli,general,"female,young"
lolita_(fashion),general,j-fashion
lollipop,general,candy
lombax,species,mammal
long_body,general,
long_claws,general,claws
long_ears,general,
long_eyelashes,general,eyelashes
long_fingernails,general,fingernails
long_foreskin,general,foreskin
long_hair,general,hair
long_horn,general,horn
long_inner_labia,general,vulva
long_legs,general,
long_mane,general,mane
long_mouth,general,
long_nails,general,nails
long_neck,general,
long_nipples,general,nipples
long_penis,general,penis
long_sleeves,general,sleeves
long_snout,general,snout
long_socks,general,socks
long_tail,general,tail
long_tongue,general,tongue
looking_aside,general,
looking_at_another,general,
looking_at_anus,general,
looking_at_belly,general,
looking_at_breasts,general,breasts
looking_at_butt,general,
looking_at_genitalia,general,
looking_at_mirror,general,"looking_at_object,mirror"
looking_at_object,general,
looking_at_own_butt,general,
looking_at_own_penis,general,"looking_at_penis,looking_at_self"
looking_at_penis,general,"looking_at_genitalia,penis"
looking_at_phone,general,"looking_at_object,phone"
looking_at_porn,general,pornography
looking_at_self,general,
looking_at_viewer,general,
looking_away,general,
looking_back,general,
looking_back_at_another,general,"looking_at_another,looking_back"
looking_back_at_viewer,general,"looking_at_viewer,looking_back"
looking_down,general,
looking_down_at_another,general,"looking_at_another,looking_down"
looking_down_at_self,general,"looking_at_self,looking_down"
looking_down_at_viewer,general,"looking_at_viewer,looking_down"
looking_forward,general,
looking_pleasured,general,enjoying
looking_through,general,
looking_through_legs,general,looking_through
looking_up,general,
looking_up_at_another,general,"looking_at_another,looking_up"
looking_up_at_viewer,general,"looking_at_viewer,looking_up"
looming,general,
loona_(helluva_boss),character,
loose_feather,general,
loose_foreskin,general,foreskin
lop_(star_wars_visions),character,
lop_ears,general,floppy_ears
lop_rabbit,species,domestic_rabbit
lopunny,species,pokemon_(species)
lord_dominator,character,
lotus_(mlp),character,friendship_is_magic
louie_duck,character,
louis_(beastars),character,
lounge_chair,general,chair
lounging,general,
lovander,species,pal_(species)
love_handles,general,
lovetaste_chica,character,
low-angle_view,general,
low_key_toxtricity,species,toxtricity
lt._fox_vixen,character,
lube,general,
lube_bottle,general,"bottle,lube"
lube_drip,general,"dripping,lube"
lube_in_ass,general,lube
lucario,species,pokemon_(species)
luck_(animancer),character,
lucky_pierre,general,group_sex
ludwig_von_koopa,character,koopaling
lugia,species,pokemon_(species)
luigi,character,
lulu_(lol),character,
lunala,species,pokemon_(species)
lurantis,species,pokemon_(species)
luxio,species,pokemon_(species)
luxray,species,pokemon_(species)
lycanroc,species,pokemon_(species)
lying,general,
lying_on_another,general,lying
lying_on_bed,general,"lying,on_bed"
lying_on_ground,general,"lying,on_ground"
lying_on_sofa,general,"lying,on_sofa"
lynx,species,feline
lyra_heartstrings_(mlp),character,friendship_is_magic
mabel_able,character,animal_crossing
macan_(tas),character,
macaw,species,neotropical_parrot
machamp,species,pokemon_(species)
machine,general,
machine_gun,general,gun
machoke,species,pokemon_(species)
mackerel_shark,species,shark
mackerel_tabby,species,"stripes,tabby_cat"
macro,general,
macro_anthro,general,"anthro,macro"
macro_female,general,"female,macro"
macro_male,general,"macro,male"
macropod,species,marsupial
mad_rat_(mad_rat_dead),character,
mae_borowski,character,
maebari,general,
magazine,general,
magazine_cover,meta,cover
maggie_hudson,character,
magic,general,
magic_circle,general,magic
magic_user,general,
magic_wand,general,
magikarp,species,pokemon_(species)
magikoopa,species,koopa
magnemite,species,pokemon_(species)
magpie_(corvid),species,corvid
maid_apron,general,
maid_headdress,general,headwear
maid_marian,character,
maid_uniform,general,uniform
maine_coon,species,domestic_cat
majin,species,
majin_android_21,character,
makeup,general,
making_out,general,kissing
makoto_nanaya,character,
mal0,character,
mal0_(species),species,
malacostracan,species,crustacean
male,general,
male/ambiguous,general,"ambiguous_gender,male"
male/female,general,"female,male"
male/male,general,male
male_(lore),lore,
male_anthro,general,"anthro,male"
male_death,general,
male_dominating_female,general,"dominant_male,male/female,submissive_female"
male_feral,general,"feral,male"
male_fingered,general,male
male_fingering,general,"fingering,male"
male_focus,general,male
male_human,general,"human,male"
male_humanoid,general,"humanoid,male"
male_impregnation,general,"impregnation,male"
male_lactation,general,"lactating,male"
male_on_anthro,general,"anthro,male"
male_on_bottom,general,"male,on_bottom"
male_on_feral,general,"feral,male"
male_on_human,general,"human,male"
male_on_humanoid,general,"humanoid,male"
male_on_top,general,"male,on_top"
male_peeing,general,"male,peeing"
male_penetrated,general,"male,penetration"
male_penetrating,general,"male,penetration"
male_penetrating_ambiguous,general,"ambiguous_penetrated,male/ambiguous,male_penetrating,sex"
male_penetrating_andromorph,general,"andromorph/male,andromorph_penetrated,male_penetrating_intersex"
male_penetrating_anthro,general,"anthro_penetrated,male_on_anthro,male_penetrating"
male_penetrating_female,general,"female_penetrated,male/female,male_penetrating,sex"
male_penetrating_feral,general,"feral_penetrated,male_on_feral,male_penetrating"
male_penetrating_gynomorph,general,"gynomorph/male,gynomorph_penetrated,male_penetrating_intersex"
male_penetrating_herm,general,"herm/male,herm_penetrated,male_penetrating_intersex"
male_penetrating_human,general,"human_penetrated,male_on_human,male_penetrating"
male_penetrating_humanoid,general,"humanoid_penetrated,male_on_humanoid,male_penetrating"
male_penetrating_intersex,general,"intersex/male,intersex_penetrated,male_penetrating,sex"
male_penetrating_male,general,"male/male,male_penetrated,male_penetrating,sex"
male_pov,general,"first_person_view,male"
male_pred,general,male
male_prey,general,male
male_rape,general,"male,rape"
male_raped,general,male
male_raping_female,general,"female_raped,male/female,male_rape"
male_rimmed,general,male
male_rimming,general,"male,rimming"
male_rimming_female,general,"female_rimmed,male/female,male_rimming"
male_rimming_male,general,"male/male,male_rimmed,male_rimming"
male_symbol,general,gender_symbol
maleherm,general,intersex
maleherm/male,general,"intersex/male,maleherm"
malo,species,skulldog_(species)
mamagen,species,mammal
mammal,species,
mammal_humanoid,species,"animal_humanoid,mammal"
mammal_taur,species,"mammal,taur"
mammon_(helluva_boss),character,
mammoth,species,elephantid
mandibles,general,
mane,general,
mane_hair,general,"hair,mane"
mane_six_(mlp),character,"applejack_(mlp),fluttershy_(mlp),pinkie_pie_(mlp),rainbow_dash_(mlp),rarity_(mlp),twilight_sparkle_(mlp)"
manectric,species,pokemon_(species)
maned_wolf,species,canine
mangle_(broken),character,
mangle_(fnaf),character,five_nights_at_freddy's
manitka_storm,character,
manta_ray,species,ray_(fish)
manticore,species,felid
mantis,species,insect
map,general,
maractus,species,pokemon_(species)
marble_fox,species,red_fox
marble_pie_(mlp),character,friendship_is_magic
marceline_abadeer,character,
marci_hetson,character,
marcille_donato,character,
margret_stalizburg,character,
marie_(splatoon),character,
marijuana,general,drugs
marilyn_(quotefox),character,
marina_(splatoon),character,
marine_the_raccoon,character,
mario,character,
marionette_(fnaf),character,five_nights_at_freddy's
marker,general,
marker_(artwork),meta,traditional_media_(artwork)
markings,general,
married_couple,general,
marshal_(animal_crossing),character,animal_crossing
marshall_(paw_patrol),character,
marshtomp,species,pokemon_(species)
marsupial,species,mammal
marten,species,"gulonine,musteline"
martian,species,alien_humanoid
martlet_(undertale_yellow),character,
mary_senicourt,character,
mascara,general,makeup
mascot,general,
mask,general,
mask_(marking),general,facial_markings
mask_only,general,"mask,nude"
masochism,general,
mass_vore,general,"group,multiple_prey,vore"
massage,general,
mastectomy_scar,general,scar
master,general,
master_po_ping,character,
master_splinter,character,
master_tigress,character,
master_viper,character,
mastery_position,general,from_front_position
mastiff,species,molosser
masturbating_while_penetrated,general,"masturbation,penetration"
masturbation,general,
masyunya_(vkontakte),character,
mating_grip,general,
mating_press,general,from_front_position
mattress,general,
mature,general,
mature_anthro,general,"anthro,mature"
mature_female,general,"female,mature"
mature_feral,general,"feral,mature"
mature_gynomorph,general,"gynomorph,mature_intersex"
mature_humanoid,general,"humanoid,mature"
mature_intersex,general,"intersex,mature"
mature_male,general,"male,mature"
maud_pie_(mlp),character,friendship_is_magic
mawile,species,pokemon_(species)
mawplay,general,mouth_play
max_(sam_and_max),character,
max_goof,character,
may_(pokemon),character,
mayor_mare_(mlp),character,friendship_is_magic
meat,general,food
mecha,general,machine
mechanic,general,
mechanical_arm,general,
medial_ring,general,penis
medial_ringed_humanoid_penis,general,"humanoid_penis,hybrid_penis,medial_ring"
medical,general,
medical_instrument,general,"medical,scientific_instrument"
medicham,species,pokemon_(species)
medieval,general,
medium_breasts,general,breasts
medium_hair,general,hair
medli,character,
meerkat,species,herpestid
mega_absol,species,mega_evolution
mega_ampharos,species,mega_evolution
mega_banette,species,mega_evolution
mega_charizard,species,mega_evolution
mega_charizard_x,species,mega_charizard
mega_charizard_y,species,mega_charizard
mega_evolution,species,pokemon_(species)
mega_gardevoir,species,mega_evolution
mega_lopunny,species,mega_evolution
mega_lucario,species,mega_evolution
mega_mewtwo_y,species,mega_evolution
megabat,species,bat
meganium,species,pokemon_(species)
megumi_bandicoot,character,
melanistic,general,
melee_weapon,general,weapon
meloetta,species,pokemon_(species)
meloetta_(aria_form),species,meloetta
melting,general,
membrane_(anatomy),general,
membranous_frill,general,"frill_(anatomy),membrane_(anatomy)"
membranous_wings,general,"membrane_(anatomy),wings"
meme,meta,
meme_clothing,general,"clothing,meme"
meow_(space_dandy),character,
meow_skulls,character,
meowscarada,species,pokemon_(species)
meowscles,character,
meowstic,species,pokemon_(species)
meowstic_(female),species,
meowth,species,pokemon_(species)
mephitid,species,mammal
mercenary_(grimoire_of_zero),character,
merfolk,species,"aquatic,split_form"
merging,general,
meru_(merunyaa),character,
mesprit,species,pokemon_(species)
messy,general,
messy_hair,general,hair
meta_knight,character,
metal,general,
metal_collar,general,"collar,metal"
metal_cuffs,general,cuff_(restraint)
metal_sonic,character,
metallic_body,general,
mettaton,character,
mettaton_ex,character,
mew_(pokemon),species,pokemon_(species)
mewtwo,species,pokemon_(species)
mexican_wolf,species,wolf
mia_(world_flipper),character,
mia_moretti,character,
michelangelo_(tmnt),character,
michelle_(michelledb),character,
michiru_kagemori,character,
mickey_mouse,character,
micro,general,
micro_bikini,general,bikini
micro_calves,general,
micro_male,general,"male,micro"
micro_organism_(organism),species,
micropenis,general,penis
microphone,general,electronics
microraptor,species,dromaeosaurid
microskirt,general,miniskirt
microsoft_paint_(artwork),meta,digital_media_(artwork)
mid_transformation,general,transformation
midair,general,
midday_lycanroc,species,lycanroc
middle_finger,general,hand_gesture
midna,character,
midnight_lycanroc,species,lycanroc
midriff,general,
mienfoo,species,pokemon_(species)
mienshao,species,pokemon_(species)
mightyena,species,pokemon_(species)
miia_(monster_musume),character,monster_girl_(genre)
mike_(twokinds),character,
mike_schmidt,character,
miko_outfit,general,japanese_clothing
milachu,character,
miles_prower,character,
military,general,
military_uniform,general,uniform
milk,general,
milk_container,general,container
milking_machine,general,machine
milky_way_(flash_equestria),character,
milla_basset,character,
millie_(helluva_boss),character,
milotic,species,pokemon_(species)
miltank,species,pokemon_(species)
mimic_chest,species,
mimiga,species,lagomorph
mimikyu,species,pokemon_(species)
mina_mongoose,character,
minccino,species,pokemon_(species)
mind_break,general,
mind_control,general,
mind_flayer,species,monstrous_humanoid
mindfuck,general,
minecraft,copyright,
mineral_fauna,species,elemental_creature
mineral_humanoid,species,"elemental_humanoid,mineral_fauna"
mineru,character,
minerva_mink,character,
miniskirt,general,skirt
mink,species,true_musteline
minkmen_(one_piece),species,mammal
minnie_mouse,character,
minotaur,species,bovine
minuette_(mlp),character,friendship_is_magic
minun,species,pokemon_(species)
mipha,character,
miqo'te,species,feline
mirage_(disney),character,
miranda_(wakfu),character,
mirror,general,
mirror_reflection,general,"mirror,reflection"
mirror_selfie,general,"mirror,selfie"
misdreavus,species,pokemon_(species)
mismagius,species,pokemon_(species)
mismatched_animal_penis,general,"animal_penis,mismatched_penis"
mismatched_genitalia,general,genitals
mismatched_humanoid_penis,general,"humanoid_penis,mismatched_penis"
mismatched_penis,general,"mismatched_genitalia,penis"
missing_arm,general,
missing_eye,general,
missing_leg,general,
missionary_position,general,"from_front_position,on_back"
mistletoe,general,plant
misty_(pokemon),character,gym_leader
mitten_hands,general,
mittens,general,handwear
mixed_breed,species,
mixed_media,meta,
miyu_(star_fox),character,
mizutsune,species,dragon
mmf,general,
mmf_threesome,general,"mmf,threesome"
moan,general,
model_sheet,meta,
mohawk,general,hair
mokdai,character,
mole_(animal),species,eulipotyphlan
mole_(marking),general,markings
mole_on_breast,general,mole_(marking)
mole_under_eye,general,mole_(marking)
mollusk,species,
mollusk_humanoid,species,"animal_humanoid,mollusk"
molosser,species,domestic_dog
momiji_inubashiri,character,
mommy_kink,general,
momo_(google),character,
money,general,
mongoose,species,herpestid
monitor,general,electronics
monitor_lizard,species,lizard
monkey,species,haplorhine
monkey_humanoid,species,"mammal_humanoid,monkey"
monochrome,meta,
monocle,general,eyewear
monodontid,species,toothed_whale
monomasa,character,
monotone_background,general,simple_background
monotone_body,general,
monotone_fur,general,"fur,monotone_body"
monotone_hair,general,hair
monotone_skin,general,monotone_body
monotreme,species,mammal
monster,species,
monster_girl_(genre),copyright,
monster_kid,character,
monstrous_humanoid,species,"humanoid,monster"
montgomery_gator,character,five_nights_at_freddy's
montgomery_glands,general,
moobs,general,
moogle,species,mammal
moon,general,
moon_bear,species,black_bear
moondancer_(mlp),character,friendship_is_magic
mooning,general,
moonlight,general,light
moose,species,new_world_deer
mora_linda,character,
morbidly_obese,general,overweight
morbidly_obese_anthro,general,"morbidly_obese,obese_anthro"
morbidly_obese_female,general,"morbidly_obese,obese_female"
morbidly_obese_male,general,"morbidly_obese,obese_male"
mordecai_(regular_show),character,
morgana_(persona),character,
moritaka_(tas),character,
mormoopia_rouge_(bigdad),character,
morning,general,
morning_wood,general,erection
morrigan_aensland,character,
mosaic_censorship,meta,censored
moss,general,plant
mostly_nude,general,
mostly_nude_anthro,general,"anthro,mostly_nude"
mostly_nude_female,general,"female,mostly_nude"
mostly_nude_gynomorph,general,"gynomorph,mostly_nude_intersex"
mostly_nude_humanoid,general,"humanoid,mostly_nude"
mostly_nude_intersex,general,"intersex,mostly_nude"
mostly_nude_male,general,"male,mostly_nude"
mostly_offscreen_character,general,
mostly_offscreen_male,general,
moth,species,lepidopteran
moth_humanoid,species,"lepidopteran_humanoid,moth"
motion_blur,general,
motion_lines,general,
motion_onomatopoeia,general,onomatopoeia
motion_outline,general,
motor_vehicle,general,vehicle
motorcycle,general,vehicle
mottled,general,
mottled_body,general,"mottled,multicolored_body"
mottled_genitals,general,multicolored_genitals
mottled_penis,general,"mottled,mottled_genitals,multicolored_penis"
mountain,general,
mountain_(arknights),character,
mountain_dog,species,domestic_dog
mounting,general,from_behind_position
mouse,species,murine
mouse_humanoid,species,"mouse,murine_humanoid"
mouse_tail,general,tail
moushley,character,
mouth_closed,general,
mouth_hold,general,
mouth_play,general,
mouth_shot,general,open_mouth
mouthless,general,
moxxie_(helluva_boss),character,
mr._shark_(the_bad_guys),character,
mr._snake_(the_bad_guys),character,
mr._wolf_(the_bad_guys),character,
mrs._brisby,character,don_bluth
mrs._cake_(mlp),character,friendship_is_magic
mrs._katswell,character,
mrs._shy_(mlp),character,friendship_is_magic
mrs._wilde,character,zootopia
ms._harshwhinny_(mlp),character,friendship_is_magic
ms._tarantula_(the_bad_guys),character,
mtf_crossgender,general,female
mtf_transformation,general,gender_transformation
mtg_crossgender,general,"gynomorph,mti_crossgender"
mtg_transformation,general,mti_transformation
mti_crossgender,general,intersex
mti_transformation,general,gender_transformation
mud,general,
mudkip,species,pokemon_(species)
mudsdale,species,pokemon_(species)
mufasa,character,
muffet,character,
muffin,general,food
muffled,general,
mug,general,cup
muk,species,pokemon_(species)
mule,species,"equine,hybrid"
mule_deer,species,new_world_deer
multi_arm,general,multi_limb
multi_balls,general,"balls,multi_genitalia"
multi_breast,general,breasts
multi_ear,general,
multi_eye,general,
multi_genitalia,general,genitals
multi_head,general,
multi_horn,general,horn
multi_leg,general,multi_limb
multi_limb,general,
multi_nipple,general,nipples
multi_penis,general,"multi_genitalia,penis"
multi_tail,general,tail
multi_wing,general,wings
multicolored_antennae,general,antennae_(anatomy)
multicolored_body,general,
multicolored_bottomwear,general,"bottomwear,multicolored_clothing"
multicolored_clothing,general,clothing
multicolored_dress,general,"dress,multicolored_clothing"
multicolored_ears,general,
multicolored_eyes,general,
multicolored_face,general,
multicolored_feathers,general,"feathers,multicolored_body"
multicolored_footwear,general,"footwear,multicolored_clothing"
multicolored_fur,general,"fur,multicolored_body"
multicolored_genitals,general,genitals
multicolored_hair,general,hair
multicolored_hat,general,hat
multicolored_horn,general,horn
multicolored_legwear,general,"legwear,multicolored_clothing"
multicolored_mane,general,mane
multicolored_penis,general,"multicolored_genitals,penis"
multicolored_scales,general,"multicolored_body,scales"
multicolored_shirt,general,"multicolored_topwear,shirt"
multicolored_shoes,general,"multicolored_footwear,shoes"
multicolored_skin,general,multicolored_body
multicolored_socks,general,"multicolored_footwear,socks"
multicolored_swimwear,general,"multicolored_clothing,swimwear"
multicolored_tail,general,tail
multicolored_thigh_highs,general,"multicolored_legwear,thigh_highs"
multicolored_topwear,general,"multicolored_clothing,topwear"
multicolored_underwear,general,"multicolored_clothing,underwear"
multicolored_vulva,general,"multicolored_genitals,vulva"
multicolored_wings,general,wings
multiple_angles,general,
multiple_orgasms,general,orgasm
multiple_ova,general,ovum
multiple_penetration,general,penetration
multiple_piercings,general,piercing
multiple_poses,general,pose
multiple_positions,general,
multiple_pregnancies,general,pregnant
multiple_prey,general,
multiple_scenes,meta,
mummy,species,undead
mummy_costume,general,"costume,mummy_wrappings"
mummy_wrappings,general,wraps
munks_(munkeesgomu),character,
murid,species,rodent
murine,species,murid
murine_humanoid,species,"murine,rodent_humanoid"
muscle_growth,general,growth
musclegut,general,muscular
muscular,general,
muscular_andromorph,general,"andromorph,muscular_intersex"
muscular_anthro,general,"anthro,muscular"
muscular_arms,general,muscular
muscular_bottom,general,muscular
muscular_dom,general,"dominant,muscular"
muscular_female,general,"female,muscular"
muscular_femboy,general,"femboy,muscular"
muscular_feral,general,"feral,muscular"
muscular_gynomorph,general,"gynomorph,muscular_intersex"
muscular_human,general,"human,muscular"
muscular_humanoid,general,"humanoid,muscular"
muscular_intersex,general,"intersex,muscular"
muscular_legs,general,muscular
muscular_male,general,"male,muscular"
muscular_on_muscular,general,
muscular_sub,general,"muscular,submissive"
muscular_thighs,general,muscular_legs
muscular_top,general,muscular
muscular_young,general,"muscular,young"
mushroom,general,fungus
mushroom_humanoid,species,"elemental_humanoid,fungi_fauna,mushroom"
music,general,
musical_instrument,general,
musical_note,general,musical_symbol
musical_symbol,general,symbol
musk,general,
musk_cloud,general,musk
musky_armpit,general,musk
musky_balls,general,"balls,musk"
musky_butt,general,musk
musky_feet,general,"feet,musk"
musky_penis,general,"musk,penis"
mustache,general,facial_hair
mustelid,species,mammal
mustelid_humanoid,species,"mammal_humanoid,mustelid"
musteline,species,mustelid
mutilation,general,
mutual_masturbation,general,masturbation
mutual_penetration,general,penetration
muzzle_(marking),general,facial_markings
muzzle_(object),general,
muzzle_piercing,general,"furgonomic_piercing,nose_piercing,snout"
muzzled,general,muzzle_(object)
my_melody,character,
myriapod,species,arthropod
mythological_avian,species,"avian,mythological_creature"
mythological_canine,species,"canine,mythological_creature"
mythological_carbuncle,species,mythological_creature
mythological_creature,species,
mythological_equine,species,"equine,mythological_creature"
mythological_firebird,species,"bird,mythological_avian"
mythological_fox,species,"fox,mythological_canine"
mythological_golem,species,mythological_creature
mythological_marine,species,"aquatic,mythological_creature"
mythological_scalie,species,"mythological_creature,scalie"
mythological_sphinx,species,"felid,mythological_creature"
na'vi,species,alien_humanoid
nadia_fortune,character,
naga,species,"draconcopode,snake"
nails,general,
nala_(the_lion_king),character,
name_drop,general,
name_in_dialogue,general,dialogue
name_tag,general,
nanachi,character,
naomi_(gvh),character,
nardoragon,species,
narehate,species,
nargacuga,species,dragon
narinder,character,
narration,general,
narrow_hips,general,
narrowed_eyes,general,
naser_(gvh),character,
nasus_(lol),character,
natani,character,
natural_breasts,general,breasts
natural_furfrou,species,furfrou
naturally_censored,general,
nature,general,
nature_background,general,
naughty_face,general,
navel,general,
navel_fetish,general,
navel_outline,general,
navel_pendant,general,navel_piercing
navel_penetration,general,"navel_fetish,penetration"
navel_piercing,general,"jewelry,navel,piercing"
nazi,general,
nazrin,character,
nazuna_hiwatashi,character,
neck_bite,general,bite
neck_bow,general,
neck_bulge,general,
neck_frill,general,frill_(anatomy)
neck_grab,general,grabbing
neck_lick,general,licking
neck_markings,general,markings
neck_muscles,general,
neck_ring,general,ring
neck_tattoo,general,
neck_tuft,general,tuft
neckerchief,general,"kerchief,neckwear"
neckerchief_only,general,"kerchief_only,mostly_nude,neckerchief"
necklace,general,jewelry
necklace_only,general,"necklace,nude"
necktie,general,accessory
neckwear,general,
neco-arc,character,
necrophilia,general,corpse
neeko_(lol),character,
nekomata,species,"felid,yokai"
neon,general,
neon_lights,general,
neonate,general,young
neopet_(species),species,
neotropical_parrot,species,true_parrot
neptune_mereaux,character,
nerd,general,
nergigante,species,western_dragon
nervous,general,
nervous_smile,general,nervous
nervous_sweat,general,"nervous,sweat"
net,general,
netherland_dwarf_rabbit,species,dwarf_rabbit
neutral_expression,general,
nevrean,species,avian
new_world_deer,species,deer
new_world_monkey,species,monkey
new_year,copyright,holidays
newspaper,general,
newt,species,salamander
nia_(senz),character,
nick_wilde,character,zootopia
nickit,species,pokemon_(species)
nicole_the_lynx,character,
nicole_watterson,character,
nidoking,species,pokemon_(species)
nidoqueen,species,pokemon_(species)
nidoran,species,pokemon_(species)
nidoran♀,species,nidoran
nidorina,species,pokemon_(species)
niffty_(hazbin_hotel),character,
nifram_logan,character,
night,general,
night_(dream_and_nightmare),character,
night_elf,species,"elf,warcraft"
night_fury,species,fury_(httyd)
night_light_(mlp),character,friendship_is_magic
night_stalker_(fallout),species,hybrid
nightclub,general,
nightgown,general,clothing
nightmare_fuel,general,
nightmare_moon_(mlp),character,friendship_is_magic
nightmare_rarity_(idw),character,
nightshade_(kadath),character,
nightstand,general,furniture
nightwing_(wof),species,western_dragon
nika_sharkeh,character,
niko_(oneshot),character,
nimbat,species,bat
ninetales,species,pokemon_(species)
ninja,general,warrior
nintendo_controller,general,game_controller
nipple_barbell,general,"barbell_piercing,nipple_piercing"
nipple_chain,general,chain
nipple_clamp,general,
nipple_dip,general,
nipple_fetish,general,
nipple_lick,general,"licking,nipple_play,nipples"
nipple_outline,general,
nipple_penetration,general,"nipple_play,nipples,penetration"
nipple_piercing,general,"jewelry,nipples,piercing"
nipple_pinch,general,"nipple_play,pinch"
nipple_play,general,nipple_fetish
nipple_pull,general,nipple_play
nipple_ring,general,"nipple_piercing,ring_(jewelry),ring_piercing"
nipple_slip,general,nipples
nipple_suck,general,"nipple_play,sucking"
nipple_tape,general,"pasties,tape"
nipple_tuft,general,"naturally_censored,tuft"
nipples,general,
nipples_visible_through_clothing,general,
nixuelle,character,
no_bra,general,
no_irises,general,
no_nut_november,copyright,meme
no_pupils,general,
no_sclera,general,
no_underwear,general,
noelle_holiday,character,
noivern,species,pokemon_(species)
nokuri,species,alien
noms_(nimzy),character,
non-euclidean_sex,general,sex
noodles,general,food
noose,general,
nordic_sled_dog,species,spitz
north_american_river_otter,species,river_otter
northwestern_wolf,species,wolf
nose_horn,general,facial_horn
nose_piercing,general,facial_piercing
nose_ring,general,"nose_piercing,ring_piercing"
nose_to_anus,general,
nose_to_nose,general,
nosebleed,general,blood
noseless,general,
not_furry,general,
not_furry_focus,general,
notched_ear,general,
notebook,general,
novabeast,species,
nozzle,general,
nu_mou,species,
nub_tail,general,
nubbed_penis,general,penis
nubless,character,
nude,general,
nude_ambiguous,general,"ambiguous_gender,nude"
nude_andromorph,general,"andromorph,nude_intersex"
nude_anthro,general,"anthro,nude"
nude_beach,general,beach
nude_female,general,"female,nude"
nude_gynomorph,general,"gynomorph,nude_intersex"
nude_human,general,"human,nude"
nude_humanoid,general,"humanoid,nude"
nude_intersex,general,"intersex,nude"
nude_male,general,"male,nude"
nudibranch,species,sea_slug
nudist,general,
null,general,
null_bulge,general,
number,general,
nun,general,
nun_habit,general,religious_clothing
nun_outfit,general,religious_clothing
nurse,general,
nurse_clothing,general,clothing
nurse_hat,general,"hat,nurse_headwear"
nurse_headwear,general,"headwear,nurse_clothing"
nurse_redheart_(mlp),character,friendship_is_magic
nut_(fruit),general,fruit
nuzzling,general,
o-ring,general,
o_o,general,
obese,general,overweight
obese_anthro,general,"obese,overweight_anthro"
obese_female,general,"obese,overweight_female"
obese_feral,general,"obese,overweight_feral"
obese_humanoid,general,"obese,overweight_humanoid"
obese_male,general,"obese,overweight_male"
object_head,species,for_a_head
object_in_ass,general,
object_in_mouth,general,
object_in_pussy,general,
object_insertion,general,
object_penetration,general,penetration
obliques,general,
oblivious,general,
obscured_eyes,general,
obscured_face,general,
obscured_inner_labia,general,vulva
obscured_penetration,general,
obscured_sex,general,sex
obstagoon,species,pokemon_(species)
occult_symbol,general,symbol
oceanic_dolphin,species,dolphin
ocellus_(mlp),character,friendship_is_magic
ocelot,species,leopardus
octavia_(helluva_boss),character,
octavia_(mlp),character,friendship_is_magic
octoling,species,cephalopod
octopodiform,species,coleoid
octopus,species,octopodiform
octopus_humanoid,species,"cephalopod_humanoid,octopus"
oekaki,meta,digital_media_(artwork)
off/on,general,
off_shoulder,general,clothed
off_the_hook_(splatoon),character,
offering_sex,general,
offering_to_viewer,general,
office,general,
office_chair,general,chair
office_clothing,general,
office_lady,general,
officer_flint_(foresttherotten),character,
official_art,meta,
offscreen_character,general,
offscreen_sex,general,
ogre,species,
oil,general,
okapi,species,giraffid
old_world_monkey,species,monkey
old_world_vulture,species,"accipitrid,vulture"
older_anthro,general,"age_difference,anthro"
older_dom_younger_sub,general,age_difference
older_female,general,"age_difference,female"
older_gynomorph,general,"gynomorph,older_intersex"
older_human,general,age_difference
older_intersex,general,"age_difference,intersex"
older_male,general,"age_difference,male"
older_on_young,general,"age_difference,young"
older_penetrated,general,"age_difference,penetration"
oleander_(tfh),character,
olivia_(animal_crossing),character,animal_crossing
olivia_halford,character,
omnic,species,machine
omorashi,general,
on_back,general,lying
on_bed,general,bed
on_bench,general,bench
on_bottom,general,
on_chair,general,chair
on_desk,general,desk
on_front,general,lying
on_glass,general,"against_surface,glass"
on_grass,general,"grass,on_ground"
on_ground,general,
on_hind_legs,general,
on_lap,general,
on_one_knee,general,kneeling
on_one_leg,general,standing
on_pillow,general,pillow
on_side,general,lying
on_sofa,general,sofa
on_table,general,table
on_tongue,general,tongue
on_top,general,
on_towel,general,towel
one-piece_swimsuit,general,swimwear
one_breast_out,general,breasts
one_ear_up,general,
one_eye_closed,general,
one_eye_half-closed,general,
one_eye_obstructed,general,
one_fang,general,fangs
one_leg_up,general,raised_leg
one_row_layout,meta,
one_sided_climax,general,
onesie,general,clothing
oni,species,"demon,humanoid,yokai"
only_one_nude,general,
onomatopoeia,general,"sound_effects,text"
onsen,general,hot_spring
open_:3,general,
open_beak,general,"beak,open_mouth"
open_belt,general,belt
open_book,general,book
open_bottomwear,general,open_clothing
open_clothing,general,clothed
open_coat,general,"coat,open_topwear"
open_diaper,general,diaper
open_door,general,door
open_frown,general,"frown,open_mouth"
open_hoodie,general,"hoodie,open_topwear"
open_jacket,general,"jacket,open_topwear"
open_mouth,general,
open_mouth_gag,general,gag
open_pants,general,"open_bottomwear,pants"
open_robe,general,"open_clothing,robe"
open_shirt,general,"open_topwear,shirt"
open_smile,general,"open_mouth,smile"
open_topwear,general,"open_clothing,topwear"
open_vest,general,"open_topwear,vest"
oral,general,
oral_invitation,general,inviting
oral_knotting,general,"knotting,oral_penetration"
oral_masturbation,general,"masturbation,oral"
oral_orgasm,general,"hands-free,oral,orgasm"
oral_penetration,general,"oral,penetration"
oral_request,general,sex_request
oral_sandwich,general,
oral_threading,general,"all_the_way_through,oral_penetration"
oral_vore,general,vore
orange_areola,general,areola
orange_background,general,simple_background
orange_balls,general,"balls,orange_genitals"
orange_beak,general,beak
orange_body,general,
orange_border,general,border
orange_bottomwear,general,"bottomwear,orange_clothing"
orange_claws,general,claws
orange_clothing,general,clothing
orange_ears,general,
orange_eyebrows,general,eyebrows
orange_eyes,general,
orange_face,general,
orange_feathers,general,"feathers,orange_body"
orange_fur,general,"fur,orange_body"
orange_genitals,general,genitals
orange_hair,general,hair
orange_horn,general,horn
orange_inner_ear,general,
orange_mane,general,mane
orange_markings,general,markings
orange_nipples,general,nipples
orange_nose,general,
orange_pawpads,general,pawpads
orange_penis,general,"orange_genitals,penis"
orange_scales,general,"orange_body,scales"
orange_sclera,general,
orange_shirt,general,"orange_topwear,shirt"
orange_skin,general,orange_body
orange_stripes,general,stripes
orange_tail,general,tail
orange_tongue,general,tongue
orange_topwear,general,"orange_clothing,topwear"
orange_tuft,general,tuft
orange_underwear,general,"orange_clothing,underwear"
orange_vulva,general,"orange_genitals,vulva"
orange_wings,general,wings
orb,general,
orc,species,humanoid
orca,species,oceanic_dolphin
organs,general,
orgasm,general,
orgasm_denial,general,
orgasm_face,general,
orgy,general,group_sex
ori_(ori),character,
orientation_play,general,
origin_forme_giratina,species,giratina
orisa_(overwatch),character,
ornament,general,
ornithischian,species,dinosaur
ornithopod,species,ornithischian
ornn_(lol),character,
orthopterid,species,insect
oryctolagus,species,rabbit
oryx,species,antelope
oscar_(fortnite),character,
oscine,species,bird
oshawott,species,pokemon_(species)
osprey,species,accipitriform
ossicone,general,horn
otter,species,mustelid
ottsel,species,mustelid
outie_navel,general,navel
outline,general,
outside,general,
outside_border,general,border
ovaries,general,organs
oven,general,kitchen_appliance
over_edge,general,
overalls,general,clothing
oversized_clothing,general,clothing
oversized_oral,general,oral
oversized_pants,general,"oversized_clothing,pants"
oversized_topwear,general,"oversized_clothing,topwear"
overstimulation,general,
overweight,general,
overweight_ambiguous,general,"ambiguous_gender,overweight"
overweight_anthro,general,"anthro,overweight"
overweight_bottom,general,
overweight_female,general,"female,overweight"
overweight_feral,general,"feral,overweight"
overweight_gynomorph,general,"gynomorph,overweight_intersex"
overweight_humanoid,general,"humanoid,overweight"
overweight_intersex,general,"intersex,overweight"
overweight_male,general,"male,overweight"
oviposition,general,egg
ovipositor,general,
ovum,general,
ovum_with_heart,general,"heart_symbol,ovum"
owl,species,bird
owl_demon,species,"avian_demon,owl"
owo,general,
pac-man,character,
pachirisu,species,pokemon_(species)
pacifier,general,
pacifier_in_mouth,general,"object_in_mouth,pacifier"
pack_leader_highwire,character,
paddle,general,
padlock,general,lock
page_number,general,number
pain,general,
paint,general,
paintbrush,general,brush
painting_(artwork),meta,
painting_(object),general,
pajamas,general,clothing
pal_(species),species,
palamute,species,canis
palico,species,felyne
palkia,species,pokemon_(species)
palm_tree,general,tree
palmon,species,digimon_(species)
pancake,general,food
pancham,species,pokemon_(species)
panda_(we_bare_bears),character,
pandaren,species,"bear,warcraft"
panel_skew,meta,
pangolin,species,mammal
pangoro,species,pokemon_(species)
panicking,general,
panini_(chowder),character,
pansexual_pride_colors,general,pride_colors
panther_caroso,character,
pantherine,species,felid
pantherine_humanoid,species,"felid_humanoid,pantherine"
pantherine_taur,species,"felid_taur,pantherine"
panties,general,underwear
panties_around_legs,general,"panties,underwear_around_legs"
panties_around_one_leg,general,"panties_down,underwear_around_one_leg"
panties_aside,general,"panties,underwear_aside"
panties_down,general,"panties,underwear_down"
panties_only,general,"panties,topless,underwear_only"
panting,general,breath
pants,general,bottomwear
pants_around_one_leg,general,"bottomwear_around_one_leg,pants"
pants_down,general,"bottomwear_down,pants,partially_clothed"
pants_pull,general,"bottomwear_pull,pants"
pantsing,general,"assisted_exposure,bottomwear_pull"
pantsless,general,
pantsless_anthro,general,"anthro,pantsless"
pantsless_female,general,"female,pantsless"
pantsless_male,general,"male,pantsless"
panty_pull,general,"panties,underwear_pull"
panty_shot,general,panties
pantyhose,general,legwear
paper,general,
papyrus_(undertale),character,
parakeet,species,true_parrot
parallel_sex,general,"group,sex"
parappa,character,
parasaurolophus,species,hadrosaurid
parasite,general,
parasol,general,
park,general,
park_bench,general,bench
parrot,species,bird
partially_clothed,general,clothed
partially_clothed_anthro,general,"anthro,partially_clothed"
partially_clothed_female,general,"female,partially_clothed"
partially_clothed_male,general,"male,partially_clothed"
partially_colored,meta,
partially_inside,general,
partially_retracted_foreskin,general,foreskin
partially_submerged,general,
party,general,
party_hat,general,hat
passionate,general,
pastel_theme,meta,
pasties,general,
pastoral_dog,species,domestic_dog
pastry,general,food
patamon,species,digimon_(species)
patch_(fabric),general,
patchwork_creature,species,
path,general,
path_lines,general,
patreon_logo,general,logo
patricia_bunny,character,
patricia_mac_sionnach,character,
pattern_background,general,simple_background
pattern_bikini,general,"bikini,pattern_swimwear"
pattern_bottomwear,general,"bottomwear,pattern_clothing"
pattern_clothing,general,multicolored_clothing
pattern_diaper,general,diaper
pattern_footwear,general,"footwear,pattern_clothing"
pattern_legwear,general,"legwear,pattern_clothing"
pattern_panties,general,"panties,pattern_bottomwear,pattern_underwear"
pattern_pants,general,"pants,pattern_bottomwear"
pattern_shirt,general,"multicolored_shirt,pattern_topwear"
pattern_skirt,general,"pattern_bottomwear,skirt"
pattern_sweater,general,"pattern_topwear,sweater"
pattern_swimwear,general,"multicolored_swimwear,pattern_clothing"
pattern_thigh_highs,general,"pattern_legwear,thigh_highs"
pattern_topwear,general,"pattern_clothing,topwear"
pattern_underwear,general,"multicolored_underwear,pattern_clothing"
pauldron,general,armor
pavita_pechugona,character,
paw_pose,general,pose
pawbert_lynxley,character,zootopia
pawpads,general,"paws,toes"
pawprint,general,footprint
pawprint_(marking),general,"markings,pawprint"
paws,general,
peafowl,species,phasianid
pear-shaped_figure,general,wide_hips
pear_butter_(mlp),character,friendship_is_magic
pearl_(gem),general,gem
pearl_(splatoon),character,
pearl_necklace,general,"necklace,pearl_(gem)"
peashooter_(pvz),species,flora_fauna
pec_grab,general,"grabbing,pecs"
pecs,general,
pecs_with_breasts,general,breasts
pectoral_bulge,general,
peeing,general,
peeing_inside,general,"peeing,watersports"
peeing_on_another,general,peeing
peeing_together,general,peeing
peeing_while_erect,general,
peeping,general,looking_at_another
peg_pete,character,
pegasus,species,"mythological_equine,wings"
pegging,general,"female_penetrating_male,sex_toy_in_ass,toying_partner"
pelecaniform,species,bird
pelvic_curtain,general,bottomwear
pen,general,
pen_(artwork),meta,traditional_media_(artwork)
pencil_(object),general,
pencil_skirt,general,skirt
pendant,general,jewelry
pendulum,general,
penetrable_sex_toy,general,sex_toy
penetrating_pov,general,"first_person_view,penetration"
penetrating_while_penetrated,general,
penetration,general,
penguin,species,bird
penile,general,
penile_masturbation,general,"masturbation,penile"
penile_penetration,general,"penetration,penile"
penile_spines,general,penis
penis,general,genitals
penis_accessory,general,accessory
penis_awe,general,
penis_backwards,general,penis
penis_base,general,penis
penis_blush,general,body_blush
penis_clothing,general,clothing
penis_creature,species,
penis_everywhere,general,"group,penis"
penis_expansion,general,"genital_expansion,penis"
penis_focus,general,"genital_focus,penis"
penis_grab,general,"grabbing,penis"
penis_growth,general,genital_growth
penis_in_ass,general,"anal_penetration,penile_penetration"
penis_in_face,general,penis
penis_in_mouth,general,"oral_penetration,penile_penetration"
penis_in_penis,general,"penile_penetration,penis,urethral_penetration"
penis_in_tentacle,general,tentacle_sex
penis_in_vagina,general,"penile_penetration,vaginal_penetration"
penis_kissing,general,"kissing,penis"
penis_lick,general,"licking,oral,penile,penis"
penis_milking,general,penile
penis_milking_machine,general,
penis_on_butt,general,
penis_on_face,general,penis
penis_on_head,general,penis
penis_on_tongue,general,"oral,penile,penis,tongue"
penis_outline,general,"detailed_bulge,genital_outline"
penis_piercing,general,"genital_piercing,penis,penis_accessory"
penis_poking_out,general,penis
penis_ribbon,general,"penis_accessory,ribbons"
penis_shaped_bulge,general,
penis_shot,general,"genital_shot,penis_focus"
penis_shrinking,general,penis
penis_size_difference,general,penis
penis_tentacles,general,tentacles
penis_through_fly,general,penis_poking_out
penis_through_leghole,general,penis_poking_out
penis_tip,general,penis
penis_towards_viewer,general,penis
penis_tuck,general,
penis_worship,general,"genital_worship,penile"
penises_touching,general,penile
penny_fitzgerald,character,
pent_up,general,
pentacle,general,occult_symbol
pentagram,general,occult_symbol
pepe_le_pew,character,
peppy_hare,character,
perching_position,general,from_behind_position
percussion_instrument,general,musical_instrument
perdita,character,
peregrine_falcon,species,falcon
peridot_(steven_universe),character,
peril,general,
perineal_raphe,general,"perineum,raphe_(anatomy)"
perineum,general,
permanent,general,
persian_(pokemon),species,pokemon_(species)
persian_cat,species,domestic_cat
personal_grooming,general,
perspective,general,
pet_bowl,general,bowl
pet_praise,general,praise
petals,general,
pete_(disney),character,
petplay,general,"bdsm,roleplay"
petting,general,
phasianid,species,bird
pheasant,species,phasianid
pheromones,general,
pheromosa,species,pokemon_(species)
philippine_eagle,species,eagle
phoenix,species,mythological_firebird
phone,general,electronics
phone_call,general,
phone_screen,general,
photo,general,
photo_background,general,"mixed_media,photography_(artwork)"
photography_(artwork),meta,
pichu,species,pokemon_(species)
picnic,general,
pictographics,meta,
picture_frame,general,
pidgeot,species,pokemon_(species)
pie,general,pastry
pie_cut_eyes,general,
piebald,general,mottled
pier,general,
piercing,general,
pigeon,species,columbid
pigeon_toed,general,
piggyback,general,carrying_another
pigtails,general,
pikachu,species,pokemon_(species)
pikachu_libre,character,cosplay_pikachu_(costume)
piko_(simplifypm),character,
piledriver_position,general,sex
pillar,general,
pillarbox,meta,
pillow,general,
pillow_humping,general,"grinding,masturbation,pillow"
pills,general,drugs
pilosan,species,xenarthran
pince-nez,general,glasses
pinch,general,
pine_marten,species,marten
pine_tree,general,tree
pineapple,general,fruit
pink_anus,general,anus
pink_areola,general,areola
pink_background,general,simple_background
pink_balls,general,"balls,pink_genitals"
pink_bikini,general,"bikini,pink_swimwear"
pink_blush,general,blush
pink_body,general,
pink_border,general,border
pink_bottomwear,general,"bottomwear,pink_clothing"
pink_bow,general,bow_(feature)
pink_bra,general,"bra,pink_underwear"
pink_chastity_cage,general,chastity_cage
pink_cheeks,general,
pink_claws,general,claws
pink_clitoris,general,"clitoris,pink_genitals"
pink_clothing,general,clothing
pink_collar,general,collar
pink_diaper,general,diaper
pink_dress,general,"dress,pink_clothing"
pink_ears,general,
pink_eyebrows,general,eyebrows
pink_eyes,general,
pink_eyeshadow,general,"eyeshadow,pink_makeup"
pink_feathers,general,"feathers,pink_body"
pink_feet,general,feet
pink_flower,general,flower
pink_footwear,general,"footwear,pink_clothing"
pink_fur,general,"fur,pink_body"
pink_genitals,general,genitals
pink_glans,general,glans
pink_gloves,general,"gloves,pink_clothing"
pink_hair,general,hair
pink_hands,general,
pink_hat,general,"hat,pink_headwear"
pink_headwear,general,"headwear,pink_clothing"
pink_highlights,general,highlights_(coloring)
pink_hoodie,general,"hoodie,pink_topwear"
pink_horn,general,horn
pink_inner_ear,general,
pink_legwear,general,"legwear,pink_clothing"
pink_lips,general,lips
pink_lipstick,general,"lipstick,pink_makeup"
pink_makeup,general,makeup
pink_mane,general,mane
pink_markings,general,markings
pink_mouth,general,
pink_nails,general,colored_nails
pink_nipples,general,nipples
pink_nose,general,
pink_panties,general,"panties,pink_underwear"
pink_pawpads,general,pawpads
pink_paws,general,paws
pink_penis,general,"penis,pink_genitals"
pink_scales,general,"pink_body,scales"
pink_scarf,general,scarf
pink_sclera,general,
pink_shirt,general,"pink_topwear,shirt"
pink_shoes,general,"pink_footwear,shoes"
pink_skin,general,pink_body
pink_skirt,general,"pink_bottomwear,skirt"
pink_socks,general,"pink_footwear,socks"
pink_sweater,general,"pink_topwear,sweater"
pink_swimwear,general,"pink_clothing,swimwear"
pink_tail,general,tail
pink_text,general,text
pink_theme,meta,
pink_thigh_highs,general,"pink_legwear,thigh_highs"
pink_tongue,general,tongue
pink_topwear,general,"pink_clothing,topwear"
pink_underwear,general,"pink_clothing,underwear"
pink_vulva,general,"pink_genitals,vulva"
pink_wings,general,wings
pink_yoshi,species,yoshi
pinkamena_(mlp),character,pinkie_pie_(mlp)
pinkie_pie_(mlp),character,friendship_is_magic
pinned,general,
pinned_to_ground,general,"on_ground,pinned"
pinned_to_wall,general,pinned
pinniped,species,"aquatic,mammal"
pinup,meta,pose
pipe,general,
piplup,species,pokemon_(species)
pipp_petals_(mlp),character,
pipsqueak_(mlp),character,friendship_is_magic
piranha_(fish),species,fish
piranha_plant,species,flora_fauna
pirate,general,
pirate_eagle,character,
pirate_tawna,character,
pistol,general,handgun
pit_bull,species,domestic_dog
pit_viper,species,viper
pivoted_ears,general,
pixel_(artwork),meta,digital_media_(artwork)
pizza,general,food
pizza_box,general,box
pj_(goof_troop),character,
plaid,general,
plaid_bottomwear,general,"pattern_bottomwear,plaid_clothing"
plaid_clothing,general,"pattern_clothing,plaid"
plaid_shirt,general,"pattern_shirt,plaid_topwear"
plaid_topwear,general,"pattern_topwear,plaid_clothing"
planet,general,
plant,general,
plant_hair,general,"plant,pseudo_hair"
plant_humanoid,species,"elemental_humanoid,flora_fauna"
plant_pot,general,
plantigrade,general,
plantigrade_pawpads,general,pawpads
plap,general,sound_effects
plate,general,
plate_armor,general,armor
platform_footwear,general,footwear
platform_heels,general,"high_heels,platform_footwear"
platypus,species,monotreme
playboy_bunny,general,
playful,general,
playing,general,
playing_card,general,card
playing_guitar,general,"guitar,playing_music"
playing_music,general,
playing_video_game,general,gaming
pleated_skirt,general,skirt
plucked_string_instrument,general,string_instrument
plug_(sex_toy),general,sex_toy
plug_insertion,general,
plump_labia,general,vulva
plushie,general,
plushophilia,general,plushie
plusle,species,pokemon_(species)
pockets,general,
pointing,general,hand_gesture
pointing_at_another,general,pointing
pointing_at_self,general,pointing
pointing_at_viewer,general,pointing
pointy_ears,general,
pointy_speech_bubble,general,speech_bubble
pokeball,general,
pokemon_(species),species,
pokemon_champion,character,
pokemon_egg,general,egg
pokemon_fusion,general,fusion
pokemon_humanoid,species,"humanoid,pokemorph"
pokemon_speak,general,
pokemon_trainer,character,
pokemorph,species,pokemon_(species)
poking,general,
polar_bear,species,ursine
polar_patroller,character,
pole,general,
pole_dancing,general,"dancing,pole"
polearm,general,melee_weapon
police,general,
police_badge,general,
police_hat,general,"hat,police"
police_officer,general,police
police_uniform,general,"police,uniform"
politics,general,
polly_esther,character,
polo_shirt,general,collared_shirt
polygonal_speech_bubble,general,speech_bubble
pom_poms,general,
pomeranian,species,spitz
pomni_(tadc),character,
pomsky,species,"domestic_dog,mixed_breed"
poncho,general,clothing
pond,general,water
pone_keith,character,
ponification,general,
pony,species,horse
ponyplay,general,petplay
ponytail,general,hair
ponytail_ears,general,
poochyena,species,pokemon_(species)
poodle,species,domestic_dog
pool_float,general,
pool_toy,general,
poolside,general,
poon_(atlyss),species,
pooping,general,
popcorn,general,food
popplio,species,pokemon_(species)
poppy_(lol),character,
popsicle,general,food
porcupine,species,rodent
pornography,general,
porsha_crystal,character,
portal,general,
portal_sex,general,"non-euclidean_sex,thinking_with_portals"
portrait,meta,
pose,general,
possession,general,
post-apocalyptic,general,
poster,general,
poster_template,general,
potion,general,
potion_bottle,general,bottle
potted_plant,general,"plant,plant_pot"
pouch_(anatomy),general,
pouch_(clothing),general,
pounding_ass,general,
pouting,general,
power_armor,general,"armor,machine"
power_bottom,general,
praise,general,
precum,general,genital_fluids
precum_drip,general,"dripping,precum"
precum_on_ground,general,precum
precum_on_own_penis,general,"penis,precum_on_self"
precum_on_penis,general,"penis,precum"
precum_on_self,general,precum
precum_squirt,general,precum
precum_string,general,precum
precum_through_clothing,general,"precum,wet_clothing"
precum_through_underwear,general,"precum_through_clothing,underwear"
predator/prey,general,
pregnant,general,
pregnant_anthro,general,"anthro,pregnant"
pregnant_female,general,"female,pregnant"
pregnant_feral,general,"feral,pregnant"
pregnant_gynomorph,general,"gynomorph,pregnant_intersex"
pregnant_humanoid,general,"humanoid,pregnant"
pregnant_intersex,general,"intersex,pregnant"
pregnant_male,general,"male,pregnant"
prehensile_clitoral_hood,general,clitoral_hood
prehensile_feet,general,toes
prehensile_penis,general,penis
prehensile_tail,general,tail
prehensile_tongue,general,tongue
premature_ejaculation,general,
presenting,general,
presenting_another,general,
presenting_anus,general,"anus,presenting"
presenting_balls,general,balls
presenting_breasts,general,"breasts,presenting"
presenting_cloaca,general,"cloaca,presenting"
presenting_cum_inside,general,"cum_inside,presenting"
presenting_hindquarters,general,"butt,presenting"
presenting_penis,general,"penis,presenting"
presenting_vulva,general,"presenting,vulva"
prick_ears,general,pointy_ears
pride_color_accessory,general,"accessory,pride_colors"
pride_color_background,general,"pride_colors,simple_background"
pride_color_clothing,general,"multicolored_clothing,pride_colors"
pride_color_flag,general,"flag,pride_colors"
pride_colors,general,lgbt_pride
priest,general,religion
primarina,species,pokemon_(species)
primate,species,mammal
primitive_dog,species,domestic_dog
prince_albert_piercing,general,penis_piercing
prince_sidon,character,
princess,general,royalty
princess_bubblegum,character,
princess_cadance_(mlp),character,friendship_is_magic
princess_celestia_(mlp),character,friendship_is_magic
princess_daisy,character,
princess_ember_(mlp),character,friendship_is_magic
princess_luna_(mlp),character,friendship_is_magic
princess_molestia,character,princess_celestia_(mlp)
princess_peach,character,
princess_ruto,character,
princess_zelda,character,
print_clothing,general,clothing
print_panties,general,"panties,print_underwear"
print_shirt,general,"print_topwear,shirt"
print_t-shirt,general,"print_shirt,t-shirt"
print_topwear,general,"print_clothing,topwear"
print_underwear,general,"print_clothing,underwear"
prison,general,
prison_cell,general,
prison_guard_position,general,"arm_pull,from_behind_position"
prison_uniform,general,uniform
prisoner,general,
procyonid,species,mammal
prodding,general,
profanity,general,
projectile_lactation,general,lactating
prolapse,general,
prone_bone_position,general,from_behind_position
prostate,general,
prostate_orgasm,general,hands-free
prostate_stimulation,general,
prosthetic,general,
prosthetic_arm,general,prosthetic_limb
prosthetic_leg,general,prosthetic_limb
prosthetic_limb,general,prosthetic
prostitution,general,
protagonist_(live_a_hero),character,
protagonist_(tas),character,
protogen,species,cyborg
protogen_visor,general,
pseudo-penis,general,animal_genitalia
pseudo_clothing,general,
pseudo_hair,general,
pseudo_mane,general,pseudo_hair
psyduck,species,pokemon_(species)
pterodactylus,species,pterosaur
pterosaur,species,reptile
pubes,general,
pubes_exposed,general,
pubic_boot,general,tailbutt
pubic_mound,general,
pubic_tattoo,general,tattoo
public,general,
public_humiliation,general,"humiliation,public"
public_restroom,general,"bathroom,public"
public_transportation,general,public
public_use,general,public
puddle,general,
puffed_cheeks,general,
puffy_anus,general,anus
puffy_areola,general,areola
puffy_nipples,general,nipples
pug,species,small_molosser
pulchra_fellini,character,
pull_out,general,
pulling_hair,general,touching_hair
pumkat,character,
pumpkin,general,fruit
pumpkin_head,general,"object_head,pumpkin"
pumps,general,shoes
punch,general,
punchy_(animal_crossing),character,animal_crossing
punishment,general,
punk,general,alternative_fashion
pup_mask,general,animal_mask
puppet,general,
puppyplay,general,petplay
purgy,character,
puro_(changed),character,
purple_anus,general,anus
purple_areola,general,areola
purple_armwear,general,"armwear,purple_clothing"
purple_background,general,simple_background
purple_balls,general,"balls,purple_genitals"
purple_bikini,general,"bikini,purple_swimwear"
purple_body,general,
purple_border,general,border
purple_bottomwear,general,"bottomwear,purple_clothing"
purple_claws,general,claws
purple_clothing,general,clothing
purple_collar,general,collar
purple_dildo,general,dildo
purple_dress,general,"dress,purple_clothing"
purple_ears,general,
purple_eyebrows,general,eyebrows
purple_eyelids,general,
purple_eyes,general,
purple_eyeshadow,general,"eyeshadow,purple_makeup"
purple_feathers,general,"feathers,purple_body"
purple_footwear,general,"footwear,purple_clothing"
purple_fur,general,"fur,purple_body"
purple_genitals,general,genitals
purple_glans,general,glans
purple_gloves,general,"gloves,purple_clothing"
purple_hair,general,hair
purple_hat,general,"hat,purple_clothing"
purple_highlights,general,highlights_(coloring)
purple_hoodie,general,"hoodie,purple_topwear"
purple_horn,general,horn
purple_inner_ear,general,
purple_legwear,general,"legwear,purple_clothing"
purple_lips,general,lips
purple_lipstick,general,"lipstick,purple_makeup"
purple_makeup,general,makeup
purple_mane,general,mane
purple_markings,general,markings
purple_nails,general,colored_nails
purple_nipples,general,nipples
purple_nose,general,
purple_panties,general,"panties,purple_underwear"
purple_pants,general,"pants,purple_bottomwear"
purple_pawpads,general,pawpads
purple_penis,general,"penis,purple_genitals"
purple_pupils,general,
purple_scales,general,"purple_body,scales"
purple_sclera,general,
purple_shirt,general,"purple_topwear,shirt"
purple_skin,general,purple_body
purple_skirt,general,"purple_bottomwear,skirt"
purple_stripes,general,stripes
purple_swimwear,general,"purple_clothing,swimwear"
purple_tail,general,tail
purple_tentacles,general,tentacles
purple_text,general,text
purple_theme,meta,
purple_thigh_highs,general,"purple_legwear,thigh_highs"
purple_tongue,general,tongue
purple_topwear,general,"purple_clothing,topwear"
purple_underwear,general,"purple_clothing,underwear"
purple_vulva,general,"purple_genitals,vulva"
purple_wings,general,wings
purring,general,sound_effects
purrloin,species,pokemon_(species)
purse,general,
purugly,species,pokemon_(species)
pushing,general,
puss_in_boots_(dreamworks),character,
pussy_floss,general,obscured_inner_labia
pussy_juice_leaking,general,"leaking,vaginal_fluids"
pussy_peek,general,
pussy_tape,general,tape
pussyjob,general,"penile,sex,vulva"
puwa,species,humanoid
puzzle_(kadath),character,
pwink_(mr.pink),character,
pyramid,general,
pyro_(team_fortress_2),character,
pyron,character,
python,species,snake
qr_code,general,
quadruped,general,
quadruple_amputee,general,amputee
quads,general,
quaquaval,species,pokemon_(species)
quarian,species,alien_humanoid
queen,general,royalty
queen_bee-lzebub_(helluva_boss),character,
queen_chrysalis_(mlp),character,friendship_is_magic
queen_tyr'ahnee,character,
question,general,
question_mark,general,
questionable,meta,
questionable_consent,general,
questioning_tone,general,
quetzalcoatl_(dragon_maid),character,
quilava,species,pokemon_(species)
quills_(anatomy),general,
quirked_human_(my_hero_academia),species,humanoid
quiver_(object),general,
rabbid,species,lagomorph
rabbid_peach,character,crossover
rabbit,species,leporid
rabbit_ears,general,
rabbit_humanoid,species,"lagomorph_humanoid,rabbit"
raboot,species,pokemon_(species)
raccoon,species,procyonid
raccoon_dog,species,canine
raccoon_humanoid,species,"mammal_humanoid,raccoon"
raceplay,general,
radio,general,electronics
ragatha_(tadc),character,
ragdoll_cat,species,domestic_cat
raichu,species,pokemon_(species)
railing,general,
rain_world,copyright,
rainbow,general,
rainbow_background,general,"rainbow,simple_background"
rainbow_clothing,general,multicolored_clothing
rainbow_dash_(mlp),character,friendship_is_magic
rainbow_hair,general,multicolored_hair
rainbow_pride_colors,general,pride_colors
rainbow_pride_flag,general,"flag,pride_colors,rainbow_symbol"
rainbow_symbol,general,symbol
rainbow_tail,general,multicolored_tail
raine_silverlock,character,
rainicorn,species,mythological_equine
raining,general,
rainwing_(wof),species,western_dragon
raised_arm,general,
raised_arms,general,
raised_calf,general,
raised_clothing,general,clothed
raised_eyebrow,general,eyebrows
raised_eyebrows,general,eyebrows
raised_finger,general,fingers
raised_foot,general,feet
raised_hand,general,
raised_heel,general,plantigrade
raised_hoof,general,hooves
raised_leg,general,
raised_paw,general,paws
raised_shirt,general,"raised_topwear,shirt"
raised_skirt,general,"raised_clothing,skirt"
raised_tail,general,tail
raised_topwear,general,"raised_clothing,topwear"
ralsei,character,
ralts,species,pokemon_(species)
ram_horn,general,caprine_horn
rambley_raccoon,character,
rampage,general,
ran_yakumo,character,
ranged_weapon,general,weapon
rape,general,"forced,sex"
rape_face,general,
raphael_(tmnt),character,
raphe_(anatomy),general,
rapidash,species,pokemon_(species)
rarity_(mlp),character,friendship_is_magic
rat,species,murine
rat_humanoid,species,"murine_humanoid,rat"
rat_tail,general,tail
ratchet_(ratchet_and_clank),character,
rath_wyvern,species,dragon
rathalos,species,rath_wyvern
rathian,species,rath_wyvern
ratite,species,bird
rattata,species,pokemon_(species)
rattle_(anatomy),general,
rattlesnake,species,pit_viper
rauru_(tears_of_the_kingdom),character,
rave,general,
raven,species,corvus_(genus)
raven_(dc),character,
raven_hunt,character,
raven_team_leader,character,
ray_(fish),species,fish
raymond_(animal_crossing),character,animal_crossing
rayquaza,species,pokemon_(species)
reach_around,general,
reaching,general,
reaching_towards_viewer,general,reaching
reading,general,
reading_book,general,"book,reading"
real,general,
realistic,general,
realistic_feral,general,"feral,realistic"
rear_view,general,
rebecca_cunningham,character,
receiving_pov,general,first_person_view
reclining,general,
recording,general,
rectangular_glasses,general,glasses
red_(pokemon),character,
red_anus,general,anus
red_areola,general,areola
red_armwear,general,"armwear,red_clothing"
red_arremer,species,"demon_humanoid,red_body"
red_background,general,simple_background
red_ball_gag,general,ball_gag
red_balls,general,"balls,red_genitals"
red_bikini,general,"bikini,red_swimwear"
red_blush,general,blush
red_body,general,
red_boots,general,"boots,red_footwear"
red_border,general,border
red_bottomwear,general,"bottomwear,red_clothing"
red_bow,general,bow_(feature)
red_bra,general,"bra,red_underwear"
red_cape,general,"cape,red_clothing"
red_cheeks,general,
red_claws,general,claws
red_cloak,general,"cloak,red_clothing"
red_clothing,general,clothing
red_collar,general,collar
red_countershading,general,"countershading,red_body"
red_crown_(cult_of_the_lamb),character,
red_deer,species,cervine
red_dress,general,"dress,red_clothing"
red_ears,general,
red_eyebrows,general,eyebrows
red_eyes,general,
red_eyeshadow,general,"eyeshadow,red_makeup"
red_eyewear,general,eyewear
red_face,general,
red_feathers,general,"feathers,red_body"
red_footwear,general,"footwear,red_clothing"
red_fox,species,true_fox
red_fundoshi,general,"fundoshi,red_underwear"
red_fur,general,"fur,red_body"
red_genitals,general,genitals
red_glans,general,glans
red_glasses,general,"glasses,red_eyewear"
red_gloves,general,"gloves,red_clothing"
red_hair,general,hair
red_hairband,general,
red_hat,general,"hat,red_headwear"
red_headwear,general,"headwear,red_clothing"
red_heart,general,
red_highlights,general,highlights_(coloring)
red_hoodie,general,"hoodie,red_topwear"
red_horn,general,horn
red_inner_ear,general,
red_jacket,general,"jacket,red_topwear"
red_kangaroo,species,kangaroo
red_kerchief,general,kerchief
red_legwear,general,"legwear,red_clothing"
red_lips,general,lips
red_lipstick,general,"lipstick,red_makeup"
red_makeup,general,makeup
red_mane,general,mane
red_markings,general,markings
red_nails,general,colored_nails
red_neckerchief,general,"neckerchief,red_kerchief"
red_necktie,general,necktie
red_nipples,general,nipples
red_nose,general,
red_panda,species,ailurid
red_pandaren,species,pandaren
red_panties,general,"panties,red_underwear"
red_pants,general,"pants,red_bottomwear"
red_pawpads,general,pawpads
red_penis,general,"penis,red_genitals"
red_pupils,general,
red_ribbon,general,
red_savarin,character,
red_scales,general,"red_body,scales"
red_scarf,general,scarf
red_sclera,general,
red_shirt,general,"red_topwear,shirt"
red_shoes,general,"red_footwear,shoes"
red_shorts,general,"red_bottomwear,shorts"
red_skin,general,red_body
red_skirt,general,"red_bottomwear,skirt"
red_stripes,general,stripes
red_sweater,general,"red_topwear,sweater"
red_swimwear,general,"red_clothing,swimwear"
red_tail,general,tail
red_text,general,text
red_theme,meta,
red_thigh_highs,general,"red_legwear,thigh_highs"
red_tongue,general,tongue
red_topwear,general,"red_clothing,topwear"
red_tuft,general,tuft
red_underwear,general,"red_clothing,underwear"
red_vulva,general,"red_genitals,vulva"
red_wings,general,wings
red_wolf,species,wolf
red_xiii,character,
reddened_butt,general,butt
redraw,meta,
reed_(gvh),character,
reflection,general,
rei_(pokemon),character,
reindeer,species,new_world_deer
reins,general,
relaxing,general,
relieved,general,
religion,copyright,
religious_clothing,general,"clothing,religion"
remmy_cormo,character,
remote_control,general,controller
renamon,species,digimon_(species)
renekton,character,
rengar_(lol),character,
renimpmon,character,
repeated_text,general,text
reppy_(replica),character,
reptile,species,scalie
reptile_humanoid,species,"reptile,scalie_humanoid"
requesting,general,
requiem_shark,species,shark
rescued_dragons_(spyro),character,spyro_the_dragon
reshiram,species,pokemon_(species)
restaurant,general,
resting,general,
resting_on_belly,general,resting
restrained,general,
restrained_arms,general,restrained
restrained_by_tentacles,general,"restrained,tentacles"
restrained_legs,general,restrained
restraints,general,
restricted_palette,meta,
restroom_stall,general,public_restroom
retracted_balls,general,balls
retracted_foreskin,general,foreskin
retriever,species,bird_dog
retsuko,character,aggretsuko
reuben_(lilo_and_stitch),character,
revali,character,
reverse_bunny_costume,general,costume
reverse_countershading,general,countershading
reverse_cowgirl_position,general,"on_bottom,on_top,sex"
reverse_forced_oral,general,"forced,oral,sex"
reverse_missionary_position,general,"from_front_position,on_back"
reverse_stand_and_carry_position,general,standing_sex
revolver,general,handgun
rexouium,species,mammal
rhinoceros,species,mammal
rhydon,species,pokemon_(species)
rib_cage,general,
ribbed_penis,general,penis
ribbon_bondage,general,"bondage,ribbons"
ribbons,general,
ribs,general,
richard_watterson,character,
ridged_horn,general,horn
ridged_knotted_penis,general,knotted_penis
ridged_penis,general,penis
ridiculous_fit,general,penetration
riding,general,
riding_crop,general,whip
ridley,character,
rifle,general,gun
rigby_(regular_show),character,
right_to_left,meta,
rika_nonaka,character,
rillaboom,species,pokemon_(species)
rimming,general,"anal,oral,sex"
rimming_request,general,"anal_request,oral_request"
ring,general,
ring-tailed_cat,species,bassariscus
ring-tailed_lemur,species,lemur
ring_(jewelry),general,"jewelry,ring"
ring_(marking),general,markings
ring_gag,general,gag
ring_piercing,general,"piercing,ring"
ringed_eyes,general,
ringed_tail,general,"ring_(marking),striped_tail"
riolu,species,pokemon_(species)
rip_(psy101),character,
rita_(jungledyret),character,
rito,species,avian
rito_humanoid,species,"avian_humanoid,rito"
ritual,general,
river,general,
river_otter,species,otter
rivet_(ratchet_and_clank),character,
road,general,
roadrunner,species,bird
roaring,general,
robe,general,clothing
robin_hood,character,
robloxian,species,
robot,species,machine
robot_feral,species,
robot_humanoid,species,"humanoid,robot"
robotic_arm,general,
rock,general,
rock_creature,species,"mineral_fauna,rock"
rocket_raccoon,character,
rocko_rama,character,
rockruff,species,pokemon_(species)
rocky_rickaby,character,
rodent,species,mammal
rodent_humanoid,species,"mammal_humanoid,rodent"
roflfox,character,
role-playing_game,meta,
role_reversal,general,roleplay
roleplay,general,
rolled_up_sleeves,general,sleeves
roller_skates,general,footwear
romantic,general,
romantic_couple,general,romantic
rooftop,general,
rope,general,
rope_bondage,general,"bondage,restraints,rope"
rope_harness,general,rope_bondage
rory_(ceehaz),character,
rosa_(gvh),character,
rosa_(pokemon),character,
rosalina_(mario),character,
rose_(flower),general,flower
rose_(mlp),character,friendship_is_magic
rose_petals,general,petals
roserade,species,pokemon_(species)
rosie_(animal_crossing),character,animal_crossing
roswell_grey,species,alien_humanoid
rosy_cheeks,general,
rotom,species,pokemon_(species)
rottweiler,species,mastiff
rouge_the_bat,character,
rough_collie,species,collie
rough_sex,general,sex
round_ears,general,
round_glasses,general,glasses
rover_(animal_crossing),character,animal_crossing
rowlet,species,pokemon_(species)
roxanne_rover,character,
roxanne_wolf,character,five_nights_at_freddy's
roy_koopa,character,koopaling
royal_guard_(mlp),character,friendship_is_magic
royalty,general,
rubber_duck,general,
rubbing,general,
rubbing_penis,general,
ruby_(gem),general,gem
rudolph_the_red-nosed_reindeer,character,
ruff,general,
rug,general,
ruins,general,
ruins_style_lucario,character,holowear_(pokemon)
rumble_(lol),character,
rumble_(mlp),character,friendship_is_magic
rumbling_stomach,general,sound_effects
rumi_usagiyama,character,
runaboo_chica,character,
rune_(wooled),character,
runes,general,
running,general,
running_makeup,general,makeup
running_mascara,general,"mascara,running_makeup"
ruri_tsukiyono,character,
russell_(castbound),character,
russian,general,
russian_blue,species,domestic_cat
russian_text,meta,text
ruuhtian,species,kig-yar
ryekie_(live_a_hero),character,
ryona,general,
saber-toothed_tiger,species,felid
sabertooth_(anatomy),general,fangs
sable_(marten),species,marten
sable_able,character,animal_crossing
sableye,species,pokemon_(species)
sack,general,
sackless,general,
sad,general,
saddle,general,
sadism,general,
safe,meta,
safe_sex,general,sex
safe_vore,general,vore
sage_(gvh),character,
sagging_breasts,general,breasts
saggy_balls,general,balls
saint_bernard,species,"molosser,mountain_dog"
saiyan,species,
salamander,species,amphibian
salamence,species,pokemon_(species)
salandit,species,pokemon_(species)
salazzle,species,pokemon_(species)
saliva,general,bodily_fluids
saliva_drip,general,"dripping,saliva"
saliva_on_anus,general,"anus,saliva"
saliva_on_balls,general,"balls,saliva"
saliva_on_face,general,saliva
saliva_on_penis,general,"penis,saliva"
saliva_on_tongue,general,"saliva,tongue"
saliva_string,general,saliva
sallie_may_(helluva_boss),character,
sally_acorn,character,
salmon,species,fish
salmonid_(splatoon),species,fish
saluki,species,sighthound
salute,general,gesture
same_size_vore,general,vore
samoyed,species,nordic_sled_dog
samuel_dog,character,
samurott,species,pokemon_(species)
samus_aran,character,
sand,general,
sand_cat,species,felis
sandals,general,shoes
sandbar_(mlp),character,friendship_is_magic
sandshrew,species,pokemon_(species)
sandslash,species,pokemon_(species)
sandwich_(food),general,food
sandwich_position,general,group_sex
sandwing_(wof),species,western_dragon
sandy_cheeks,character,
sangheili,species,alien
sans_(undertale),character,
santa_claus,character,christmas
santa_costume,general,"christmas_clothing,costume"
santa_hat,general,"christmas_headwear,hat"
sarabi_(the_lion_king),character,
sash,general,
sash_lilac,character,
sasha_(animal_crossing),character,animal_crossing
satchel,general,bag
satisfied,general,
satyr,species,"humanoid,split_form"
sauna,general,
saurischian,species,dinosaur
sauropod,species,saurischian
savanna,general,
sawsbuck,species,pokemon_(species)
sawyer_(cats_don't_dance),character,
scabbard,general,
scales,general,
scalie,species,
scalie_humanoid,species,"animal_humanoid,scalie"
scaly_tail,general,"scales,tail"
scar,general,
scar_(the_lion_king),character,
scared,general,
scarf,general,neckwear
scarf_only,general,"mostly_nude,scarf"
scars_all_over,general,scar
scary,general,
scat_disposal,general,
scatplay,general,feces
scavenger_(rain_world),species,rain_world
scene_(fashion),general,alternative_fashion
scene_haircut,general,"hair,scene_(fashion)"
scent_hound,species,hunting_dog
sceptile,species,pokemon_(species)
school,general,
school_swimsuit,general,swimwear
school_uniform,general,uniform
science,general,
science_fiction,general,
scientific_experiment,general,
scientific_instrument,general,
scientist,general,
scissors,general,
sciurid,species,rodent
scolipede,species,pokemon_(species)
scooby-doo,character,
scootaloo_(mlp),character,friendship_is_magic
scorbunny,species,pokemon_(species)
scorpion,species,arachnid
scourge_the_hedgehog,character,
scout_(team_fortress_2),character,
scowl,general,frown
scp-1471-a,character,scp_foundation
scp-1471-a_(da.nilkaz),character,
scp-682,character,scp_foundation
scp_foundation,copyright,
scrafty,species,pokemon_(species)
scratches,general,
scratching,general,
screaming,general,
screen,general,
screen_face,general,screen
screen_head,species,"object_head,screen_face"
screencap,general,
screencap_background,general,screencap
scroll,general,
scrotal_raphe,general,"balls,raphe_(anatomy)"
scrotum_flap,general,balls
scrotum_piercing,general,"balls,genital_piercing"
sculpture,general,
scuted_arms,general,scutes
scuted_hands,general,scutes
scuted_legs,general,scutes
scutes,general,
scythe,general,polearm
scyther,species,pokemon_(species)
sea,general,water
sea_lion,species,pinniped
sea_monster,species,aquatic
sea_otter,species,otter
sea_salt,character,
sea_slug,species,"aquatic,slug"
sea_sponge,species,aquatic
seahorse,species,fish
seal,species,pinniped
seam_(sewing),general,
sean_(senz),character,
seashell,general,shell
seaside,general,
seawing_(wof),species,aquatic_dragon
secretary_bird,species,accipitriform
secretly_loves_it,general,
security,general,
seductive,general,
seedrian,species,flora_fauna
segmented_body,general,
seikret,species,feathered_scalie
seiza,general,"kneeling,sitting"
selene_leni,character,
self_bite,general,bite
self_fondle,general,fondling
self_lick,general,licking
selfcest,general,square_crossover
selfie,general,
semi-anthro,general,
sensory_deprivation,general,
sepia,meta,monochrome
septum_circular_barbell,general,"barbell_piercing,septum_piercing"
septum_piercing,general,nose_piercing
septum_ring,general,"nose_ring,septum_piercing"
sequence,meta,
serafuku,general,japanese_school_uniform
serah_(black-kitten),character,
serena_(pokemon),character,
sergal,species,mammal
serious,general,
serpentine,general,
serperior,species,pokemon_(species)
serratus,general,
serval,species,feline
servicing_from_below,general,
servine,species,pokemon_(species)
seth_(tas),character,
severed_body_part,general,
severed_head,general,severed_body_part
seviper,species,pokemon_(species)
sex,general,
sex_in_water,general,"partially_submerged,sex,water"
sex_request,general,requesting
sex_slave,general,slave
sex_toy,general,
sex_toy_background,general,sex_toy
sex_toy_fellatio,general,sex_toy
sex_toy_in_ass,general,"anal_penetration,object_in_ass,sex_toy_insertion"
sex_toy_in_mouth,general,"oral_penetration,sex_toy_insertion"
sex_toy_in_vagina,general,"sex_toy_insertion,vaginal_penetration"
sex_toy_insertion,general,sex_toy
sexercise,general,exercise
sexual_assault,general,
sexual_competition,general,competition
sexual_fight,general,sexual_competition
shackles,general,cuff_(restraint)
shaded,meta,
shadow,general,
shadow_(lol),character,
shadow_creature,species,
shadow_face,general,
shadow_lugia,species,lugia
shadow_siren,species,humanoid
shadow_the_hedgehog,character,
shaft_divide,general,
shaking,general,
shaking_butt,general,shaking
shaking_legs,general,
shallow_penetration,general,penetration
shantae,character,
shark,species,fish
shark_humanoid,species,"fish_humanoid,shark"
shark_tail,general,tail
sharp_fingernails,general,"fingernails,sharp_nails"
sharp_horn,general,horn
sharp_nails,general,nails
sharp_teeth,general,teeth
sharpclaw_(star_fox),species,scalie
shaymin,species,pokemon_(species)
she-venom,character,
sheath,general,animal_genitalia
sheath_cage,general,
sheath_piercing,general,"furgonomic_piercing,genital_piercing,sheath"
sheath_play,general,sheath
sheathed_humanoid_penis,general,"humanoid_penis,hybrid_penis,sheath"
sheep,species,caprine
sheep_humanoid,species,"caprine_humanoid,sheep"
sheepdog,species,herding_dog
shelf,general,
shell,general,
shenzi_(the_lion_king),character,
sheriff_mao_mao_mao,character,
sherri_mayim,character,
shiba_inu,species,spitz
shibeta,character,
shield,general,
shih_tzu,species,toy_dog
shikabane_(aggretsuko),character,aggretsuko
shima_luan,character,
shin_kuroi,character,
shining_armor_(mlp),character,friendship_is_magic
shino_(animal_crossing),character,animal_crossing
shino_(tas),character,
shinx,species,pokemon_(species)
shiny_pokemon,species,pokemon_(species)
ship,general,watercraft
shippou_(inuyasha),character,
shiron,character,
shirou_ogami,character,
shirt,general,topwear
shirt_collar,general,
shirt_cuffs,general,
shirt_in_mouth,general,
shirt_lift,general,"clothing_lift,shirt"
shirt_only,general,"shirt,topwear_only"
shirt_pull,general,"shirt,topwear_pull"
shirtless,general,
shirtless_anthro,general,"anthro,shirtless"
shirtless_male,general,"male,shirtless"
shitpost,general,meme
shiver_(splatoon),character,
shivering,general,shaking
shocked,general,
shoelaces,general,
shoes,general,footwear
shoes_only,general,"footwear_only,shoes"
shoes_removed,general,
shooting,general,
shoreline,general,
short,general,
short_anthro,general,"anthro,short"
short_dress,general,dress
short_ears,general,
short_fur,general,fur
short_hair,general,hair
short_horn,general,small_horn
short_male,general,"male,short"
short_sleeves,general,sleeves
short_snout,general,snout
short_tail,general,tail
shortened_sound_effect,general,sound_effects
shorts,general,bottomwear
shorts_down,general,"bottomwear_down,partially_clothed,shorts"
shorts_only,general,"shorts,topless"
shortstack,general,
shortstack_female,general,"female,shortstack"
shortstack_gynomorph,general,"gynomorph,shortstack"
shortstack_male,general,"male,shortstack"
shota,general,young
shota_feline_(marimo),character,
shotgun,general,gun
shoulder_bite,general,bite
shoulder_blades,general,
shoulder_grab,general,grabbing
shoulder_guards,general,
shoulder_hair,general,
shoulder_markings,general,arm_markings
shoulder_pads,general,
shoulder_tattoo,general,arm_tattoo
shoulder_tuft,general,arm_tuft
shoutmon,species,digimon_(species)
shovel,general,tools
shower,general,
shower_head,general,
shower_room,general,
showering,general,bathing
shrimp,species,"aquatic,crustacean"
shrinking,general,size_transformation
shrub,general,plant
shrug,general,gesture
shrug_(clothing),general,crop_top
shush,general,
shy,general,
shyguy,species,humanoid
siamese,species,domestic_cat
siberian_husky,species,husky
sibling_(lore),lore,
sickle,general,
sickle_claw,general,toe_claws
side-tie_bikini,general,"side-tie_clothing,string_bikini"
side-tie_clothing,general,clothing
side-tie_panties,general,"panties,side-tie_clothing"
side_boob,general,breasts
side_butt,general,
side_by_side,general,
side_view,general,
sideburns,general,facial_hair
sidewalk,general,
sigh,general,
sighthound,species,hunting_dog
sign,general,
signature,meta,
silhouette,general,
silly,general,
silly_cat_(mauzymice),character,
silly_face,general,
silvally,species,pokemon_(species)
silver_fox,species,red_fox
silver_soul,character,
silver_spoon_(mlp),character,friendship_is_magic
silver_the_hedgehog,character,
silverstream_(mlp),character,friendship_is_magic
simba_(the_lion_king),character,
simon_seville,character,
simple_background,general,
simple_eyes,general,
simple_shading,meta,shaded
simultaneous_orgasms,general,orgasm
singing,general,
single_strike_style_urshifu,species,pokemon_(species)
sink,general,
siphon_(anatomy),general,
siren,species,
sisu_(ratld),character,
sitting,general,
sitting_on_another,general,sitting
sitting_on_bed,general,"on_bed,sitting"
sitting_on_bench,general,"on_bench,sitting"
sitting_on_chair,general,"on_chair,sitting"
sitting_on_ground,general,sitting
sitting_on_lap,general,"on_lap,sitting_on_another"
sitting_on_sofa,general,"on_sofa,sitting"
six-stripe_rainbow_pride_colors,general,pride_colors
size_difference,general,
size_play,general,size_difference
size_transformation,general,transformation
skateboard,general,
skaven,species,"rodent,warhammer_(franchise)"
skeleton,general,bone
sketch,meta,
sketch_page,meta,
skimpy,general,clothed
skimpy_bikini,general,"bikini,skimpy"
skindentation,general,
skink,species,lizard
skinny,general,
skinny_anthro,general,"anthro,skinny"
skinny_dipping,general,nude
skinny_female,general,"female,skinny"
skinny_male,general,"male,skinny"
skinsuit,general,tight_clothing
skirt,general,bottomwear
skirt_lift,general,"clothing_lift,skirt"
skitty,species,pokemon_(species)
skull,general,bone
skull_accessory,general,"accessory,skull"
skull_and_crossbones,general,
skull_head,general,skull
skull_mask,general,"mask,skull"
skulldog_(species),species,mammal
skunk,species,mephitid
skunk_tail,general,tail
skuntank,species,pokemon_(species)
sky,general,
sky_forme_shaymin,species,shaymin
skye_(paw_patrol),character,
skye_(zootopia),character,zootopia
skylar_fidchell,character,
skyscape,general,sky
skyscraper,general,building
skywing_(wof),species,western_dragon
slap,general,
slap_(sound_effect),general,
slave,general,
sledge_revorse,character,
sleep_sex,general,"sex,sleeping"
sleeping,general,
sleeping_together,general,sleeping
sleeveless_clothing,general,clothing
sleeveless_shirt,general,"shirt,sleeveless_clothing"
sleeves,general,
slightly_chubby,general,
slightly_chubby_anthro,general,"anthro,slightly_chubby"
slightly_chubby_female,general,"female,slightly_chubby"
slightly_chubby_gynomorph,general,"gynomorph,slightly_chubby_intersex"
slightly_chubby_intersex,general,"intersex,slightly_chubby"
slightly_chubby_male,general,"male,slightly_chubby"
slim,general,
slim_anthro,general,"anthro,slim"
slim_female,general,"female,slim"
slim_humanoid,general,"humanoid,slim"
slim_male,general,"male,slim"
slim_sub,general,"slim,submissive"
slime,general,
slime_(blob),species,
sling_bikini,general,"bikini,one-piece_swimsuit"
slippers,general,shoes
slippy_toad,character,
slit_dress,general,
slit_penetration,general,"penetration,slit_play"
slit_play,general,genital_slit
slit_pupils,general,
slosh,general,
sloshing_belly,general,slosh
sloth,species,pilosan
sloth_bear,species,ursine
slowpoke,species,pokemon_(species)
slug,species,gastropod
slugcat,species,"felid,rain_world"
slur,general,
slurping,general,sound_effects
sly_cooper,character,
small_balls,general,balls
small_breasts,general,breasts
small_but_hung,general,
small_butt,general,butt
small_ears,general,
small_feet,general,feet
small_head,general,
small_horn,general,horn
small_molosser,species,"molosser,toy_dog"
small_nose,general,
small_penis,general,penis
small_penis_humiliation,general,humiliation
small_pupils,general,
small_top_big_bottom,general,smaller_on_top
small_waist,general,
small_wings,general,wings
smaller_ambiguous,general,"ambiguous_gender,size_difference"
smaller_anthro,general,"anthro,size_difference"
smaller_female,general,"female,size_difference"
smaller_feral,general,"feral,size_difference"
smaller_gynomorph,general,"gynomorph,smaller_intersex"
smaller_human,general,"human,size_difference"
smaller_humanoid,general,"humanoid,size_difference"
smaller_intersex,general,"intersex,size_difference"
smaller_male,general,"male,size_difference"
smaller_on_top,general,size_difference
smaller_penetrated,general,"penetration,size_difference"
smaller_pred,general,size_difference
smartphone,general,cellphone
smeargle,species,pokemon_(species)
smegma,general,
smelly,general,
smelly_butt,general,
smelly_feet,general,"feet,smelly"
smile,general,
smiling_at_another,general,smile
smiling_at_each_other,general,smiling_at_another
smiling_at_viewer,general,smile
smilodon,species,saber-toothed_tiger
smirk,general,smile
smirking_at_another,general,
smirking_at_viewer,general,"smiling_at_viewer,smirk"
smoke,general,
smoke_from_mouth,general,smoke
smoking,general,
smoking_cigarette,general,"cigarette,smoking"
smoking_marijuana,general,"marijuana,smoking"
smoking_pipe,general,
smolder_(lol),character,
smolder_(mlp),character,friendship_is_magic
smooth_horn,general,horn
smooth_skin,general,
smothering,general,
smug,general,
smug_expression,general,
smug_grin,general,"grin,smug"
snaggle_tooth,general,teeth
snail,species,gastropod
snails_(mlp),character,friendship_is_magic
snake,species,reptile
snake_hood,general,
snake_humanoid,species,"reptile_humanoid,snake"
snake_tail,general,"living_tail,snake"
snakebite_piercing,general,lip_piercing
snarling,general,
sneakers,general,shoes
sneasel,species,pokemon_(species)
sneasler,species,pokemon_(species)
sniffing,general,
sniffing_clothes,general,"clothing,sniffing"
sniper_rifle,general,rifle
snivy,species,pokemon_(species)
snorlax,species,pokemon_(species)
snot,general,bodily_fluids
snout,general,
snout_fuck,general,"oral,sex"
snout_growth,general,"growth,snout"
snout_markings,general,"facial_markings,snout"
snow,general,
snow_leopard,species,pantherine
snowballing,general,cum
snowflake,general,
snowing,general,snow
snowman,general,
snowy_owl,species,horned_owl
snuff,general,
soap,general,
soarin_(mlp),character,wonderbolts_(mlp)
sobble,species,pokemon_(species)
soccer_ball,general,ball
socks,general,footwear
socks_(marking),general,leg_markings
socks_only,general,"footwear_only,socks"
soda,general,beverage
sofa,general,furniture
soft_abs,general,
soft_shading,meta,shaded
soft_vore,general,vore
soiled_diaper,general,used_diaper
soiling,general,feces
soiling_diaper,general,"dirty_diaper,pooping,soiled_diaper,soiling"
solar_flare_(pvz),character,
solarian,species,feline
soldier,general,"military,warrior"
soles,general,feet
solgaleo,species,pokemon_(species)
solo,general,
solo_focus,general,
son_penetrating_mother,general,
sonata_dusk_(eg),character,
sonic_the_hedgehog,character,
sonic_the_werehog,character,
sora_(kingdom_hearts),character,
soraka,character,
sound_effects,general,
sounding_rod,general,
space,general,
space_dragon_(metroid),species,dragon
spacecraft,general,
spacesuit,general,
spade_tail,general,tail
spades_(suit),general,suit_symbol
spandex,general,tight_clothing
spandex_shorts,general,"spandex,tight_shorts"
spaniel,species,bird_dog
spanish_text,meta,text
spank_marks,general,
spanking,general,butt_slap
sparklefur,general,
sparkles,general,
sparkling_eyes,general,sparkles
speaker,general,electronics
spear,general,polearm
species_transformation,general,transformation
speech_bubble,general,
speed_bump_position,general,prone_bone_position
speed_lines,general,motion_lines
speedo,general,swimwear
speedo_only,general,"speedo,topless"
sperm_cell,general,
sphere_creature,species,
spherical_inflation,general,inflation
sphynx_(cat),species,hairless_cat
spice_(fortnite),character,
spider,species,arachnid
spider-man_(character),character,
spider_humanoid,species,"arachnid_humanoid,spider"
spider_taur,species,"arthropod_taur,spider"
spider_web,general,
spike_(mlp),character,friendship_is_magic
spiked_armband,general,"armband,spikes"
spiked_bracelet,general,"bracelet,spikes"
spiked_cock_ring,general,"cock_ring,spikes"
spiked_collar,general,"collar,spikes"
spiked_legband,general,"legband,spikes"
spiked_penis,general,"penis,spikes_(anatomy)"
spiked_shell,general,"shell,spikes_(anatomy)"
spiked_tail,general,"spikes_(anatomy),tail"
spikes,general,
spikes_(anatomy),general,spikes
spiky_hair,general,hair
spinda,species,pokemon_(species)
spine,general,
spinel_(sepiruth),character,
spines,general,
spinosaurid,species,theropod
spinosaurus,species,spinosaurid
spiral,general,
spiral_eyes,general,spiral
spirit,species,
spitey,character,
spitfire_(mlp),character,wonderbolts_(mlp)
spitroast,general,"fellatio,penetration"
spitz,species,domestic_dog
spix's_macaw,species,macaw
splash,general,
split_form,general,
splits,general,"flexible,spread_legs"
sploot,general,lying
splurt,general,
sponge,general,
spongebob_squarepants_(character),character,
sponty,character,
spoon,general,cutlery
spoon_position,general,"from_behind_position,spooning"
spooning,general,
sport,general,
sports_bra,general,bra
sports_mask,general,"mask,sportswear"
sportswear,general,
spot_(arknights),character,
spot_color,meta,
spotlight,general,
spots,general,
spotted_arms,general,"markings,spots"
spotted_body,general,"markings,spots"
spotted_face,general,
spotted_fur,general,"fur,spotted_body"
spotted_hyena,species,hyena
spotted_legs,general,"markings,spots"
spotted_scales,general,"scales,spotted_body"
spotted_shoulders,general,
spotted_skin,general,spotted_body
spotted_tail,general,"spots,tail_markings"
spread_anus,general,"anus,spreading"
spread_arms,general,
spread_butt,general,"butt,spreading"
spread_eagle,general,
spread_legs,general,spreading
spread_toes,general,toes
spread_vulva,general,"spreading,vulva"
spread_wings,general,wings
spreader_bar,general,restraints
spreading,general,
sprigatito,species,pokemon_(species)
spring_bonnie_(fnaf),character,five_nights_at_freddy's
springtrap_(fnaf),character,five_nights_at_freddy's
spyro,character,spyro_the_dragon
spyro_the_dragon,copyright,
square_crossover,general,
squeezing,general,
squid,species,decapodiform
squid_humanoid,species,"cephalopod_humanoid,squid"
squid_sisters_(splatoon),character,
squidward_tentacles,character,
squint,general,narrowed_eyes
squirming,general,
squirrel_girl_(marvel),character,
squirrel_tail,general,tail
squirtle,species,pokemon_(species)
squish,general,
stable,general,
stadium,general,
staff,general,
stage,general,
stairs,general,
stand_(jjba),species,
stand_and_carry_position,general,standing_sex
standing,general,
standing_doggystyle,general,"from_behind_position,standing"
standing_in_water,general,"partially_submerged,standing,water"
standing_sex,general,"sex,standing"
star,general,
star_(marking),general,markings
star_eyes,general,
star_polygon,general,
star_pupils,general,
stare,general,
starfish,species,echinoderm
starfish_(accessory),general,starfish
starlight_glimmer_(mlp),character,friendship_is_magic
starling_(kirby),species,
starry_sky,general,"sky,star"
statue,general,sculpture
stealing,general,
stealth_sex,general,sex
steam,general,
steele_(balto),character,
stegosaurus,species,thyreophoran
stella_(gvh_beta),character,
stella_(helluva_boss),character,
stellar_flare_(mlp),character,friendship_is_magic
step_pose,general,
stepped_on,general,
steve_(minecraft),character,minecraft
stick,general,
sticker,general,
sticks_the_jungle_badger,character,
sticky,general,
stinger,general,
stingray,species,ray_(fish)
stink_fumes,general,smelly
stirrup_legwear,general,legwear
stirrup_socks,general,socks
stirrup_stockings,general,"stirrup_legwear,stockings"
stitch_(lilo_and_stitch),character,
stitch_(sewing),general,
stoat,species,weasel
stockings,general,legwear
stockings_only,general,"legwear_only,mostly_nude,stockings"
stocks,general,restraints
stocky,general,
stolas_(helluva_boss),character,
stomach,general,
stomach_acid,general,bodily_fluids
stomping,general,
stone_wall,general,wall_(structure)
stoned,general,"drugs,substance_intoxication"
stool,general,furniture
store,general,
storm,general,
straddling,general,
straight_hair,general,hair
straight_leg,general,
straight_legs,general,
straining,general,
straitjacket,general,restraints
strangling,general,asphyxiation
strapless_clothing,general,clothing
strapon,general,
strapon_sex,general,"strapon,toying_partner"
straps,general,
straw_hat,general,hat
strawberry,general,fruit
street,general,
street_lamp,general,
streetwear,general,clothing
stretch_marks,general,
stretched_anus,general,anus
stretched_vagina,general,vulva
stretching,general,
striker_(helluva_boss),character,
string,general,
string_bikini,general,bikini
string_instrument,general,musical_instrument
string_lights,general,lights
strip_club,general,
stripe_heeler,character,bluey_(series)
striped_arms,general,"markings,stripes"
striped_armwear,general,"armwear,striped_clothing"
striped_background,general,pattern_background
striped_body,general,stripes
striped_bottomwear,general,"pattern_bottomwear,striped_clothing"
striped_clothing,general,"pattern_clothing,stripes"
striped_ears,general,"markings,stripes"
striped_face,general,"facial_markings,stripes"
striped_fur,general,"fur,striped_body"
striped_horn,general,"horn,stripes"
striped_hyena,species,hyena
striped_legs,general,"markings,stripes"
striped_legwear,general,"pattern_legwear,striped_clothing"
striped_panties,general,"pattern_panties,striped_bottomwear,striped_underwear"
striped_penis,general,"penis,stripes"
striped_scales,general,"scales,striped_body"
striped_shirt,general,"pattern_shirt,striped_topwear"
striped_skin,general,striped_body
striped_skunk,species,skunk
striped_socks,general,"pattern_footwear,pattern_legwear,socks,striped_clothing"
striped_stockings,general,"stockings,striped_legwear"
striped_swimwear,general,"pattern_swimwear,striped_clothing"
striped_tail,general,"stripes,tail_markings"
striped_thigh_highs,general,"pattern_thigh_highs,striped_legwear"
striped_thigh_socks,general,"striped_socks,striped_thigh_highs,thigh_socks"
striped_topwear,general,"pattern_topwear,striped_clothing"
striped_underwear,general,"pattern_underwear,striped_clothing"
stripes,general,
stripper,general,
stripper_pole,general,pole
struggling,general,
struggling_prey,general,"struggling,unwilling_prey"
stu_hopps,character,zootopia
stubble,general,facial_hair
stuck,general,
stuck_together,general,
stud_piercing,general,jewelry
studded_bracelet,general,"bracelet,studs"
studded_collar,general,"collar,studs"
student,general,
studs,general,
stuffing,general,
stuttering,general,
submachine_gun,general,gun
submissive,general,
submissive_anthro,general,"anthro,submissive"
submissive_female,general,"female,submissive"
submissive_feral,general,"feral,submissive"
submissive_gynomorph,general,"gynomorph,submissive_intersex"
submissive_human,general,"human,submissive"
submissive_humanoid,general,"humanoid,submissive"
submissive_intersex,general,"intersex,submissive"
submissive_male,general,"male,submissive"
submissive_pov,general,"first_person_view,submissive"
subscribestar_logo,general,logo
substance_intoxication,general,
succubus,species,
sucking,general,
suckling,general,
suction_cup,general,
suds,general,soap
sue_sakamoto,character,
sugar_glider,species,marsupial
suggestive,general,
suggestive_food,general,suggestive
suggestive_gesture,general,"gesture,suggestive"
suicune,species,pokemon_(species)
suid,species,suine
suine,species,mammal
suit,general,formal_wear
suit_symbol,general,symbol
suit_transformation,general,transformation
suki_lane,character,
summer,general,
summoning,general,
summoning_circle,general,
sumo,general,
sun,general,
sun_bear,species,ursine
sun_hat,general,hat
sunbathing,general,
sunbeam,general,"light_beam,sunlight"
sunburst_(mlp),character,friendship_is_magic
sundress,general,dress
sunflower,general,flower
sunflower_(pvz),species,flower_creature
sunglasses,general,eyewear
sunglasses_on_head,general,"eyewear_on_head,wearing_sunglasses"
sunglasses_only,general,"eyewear_only,sunglasses"
sunlight,general,light
sunny,general,sunlight
sunny_starscout_(mlp),character,
sunrise,general,
sunscreen,general,
sunset,general,
sunset_shimmer_(eg),character,
super_crown,general,crown
superhero,general,
superhero_costume,general,
supernumerary_breasts,general,multi_breast
surfboard,general,
surge_the_tenrec,character,
surgical_suture,general,
surprise_sex,general,sex
surprised,general,
surrealism,general,
survivor_(rain_world),character,rain_world
sus_(pig),species,suid
sushi,general,food
susie_(deltarune),character,
suspended_by_penis,general,penile_penetration
suspended_via_tentacles,general,"suspension,tentacles"
suspenders,general,
suspension,general,
suspension_bondage,general,"bondage,suspension"
swallow_(bird),species,oscine
swallowing,general,
swallowing_sound_effect,general,"sound_effects,swallowing"
swamp,general,
swampert,species,pokemon_(species)
swan,species,anserine
sweat,general,bodily_fluids
sweatband,general,"athletic_wear,headwear"
sweatdrop,general,sweat
sweater,general,topwear
sweater_only,general,"sweater,topwear_only"
sweater_vest,general,"sweater,vest"
sweating_profusely,general,
sweatpants,general,pants
sweatshirt,general,shirt
sweaty_anus,general,"anus,sweat"
sweaty_armpit,general,sweat
sweaty_arms,general,sweat
sweaty_balls,general,"balls,sweaty_genitalia"
sweaty_belly,general,sweat
sweaty_body,general,sweat
sweaty_breasts,general,"breasts,sweat"
sweaty_butt,general,"butt,sweat"
sweaty_face,general,sweat
sweaty_feet,general,"feet,sweat"
sweaty_genitalia,general,"genitals,sweat"
sweaty_legs,general,sweat
sweaty_penis,general,"penis,sweaty_genitalia"
sweaty_thighs,general,sweaty_legs
sweet_lolita,general,lolita_(fashion)
sweetie_belle_(mlp),character,friendship_is_magic
swelling,general,
swim_ring,general,pool_toy
swimming,general,
swimming_pool,general,
swimming_trunks,general,swimwear
swimwear,general,clothing
swimwear_aside,general,"clothing_aside,swimwear"
swimwear_pull,general,"clothing_pull,swimwear"
swing,general,
switch_dog,character,
sword,general,melee_weapon
sybil_(pseudoregalia),character,
sylveon,species,pokemon_(species)
symbareangoramon,species,digimon_(species)
symbiote,species,
symbol,general,
symbol-shaped_pupils,general,"symbol,unusual_pupils"
synth_(vader-san),species,"robot,scalie"
synthetic,general,
syringe,general,medical_instrument
t'vaoan,species,kig-yar
t-shirt,general,shirt
tabaxi,species,"dungeons_and_dragons,felid"
tabby_cat,species,domestic_cat
table,general,furniture
table_lotus_position,general,"on_back,sex"
tadano_(aggretsuko),character,aggretsuko
tadatomo_(tas),character,
tagg,character,
tai_lung_(kung_fu_panda),character,
tail,general,
tail_accessory,general,"accessory,furgonomics,tail"
tail_anus,general,anus
tail_around_another,general,
tail_around_leg,general,tail
tail_around_penis,general,tail_play
tail_aside,general,tail
tail_between_legs,general,tail
tail_bondage,general,"bondage,tail_tied"
tail_bow,general,"bow_ribbon,tail_ribbon"
tail_censorship,general,"convenient_censorship,tail"
tail_clothing,general,"clothing,furgonomics,tail"
tail_coil,general,tail
tail_cuff,general,"cuff_(restraint),tail"
tail_feathers,general,"feathers,tail"
tail_fin,general,"fin,tail"
tail_genitals,general,"genitals,unusual_tail"
tail_gesture,general,"gesture,tail"
tail_grab,general,"grabbing,tail"
tail_growth,general,"growth,tail"
tail_heart,general,tail_gesture
tail_hug,general,"hug,tail"
tail_in_ass,general,"anal_penetration,tail_insertion"
tail_in_mouth,general,tail
tail_in_vagina,general,"tail_insertion,vaginal_penetration"
tail_insertion,general,"penetration,tail_play"
tail_jewelry,general,"jewelry,tail_accessory"
tail_markings,general,"markings,tail"
tail_masturbation,general,"masturbation,tail_play"
tail_motion,general,tail
tail_mouth,general,unusual_tail
tail_piercing,general,"furgonomic_piercing,tail"
tail_play,general,tail
tail_pull,general,tail
tail_ribbon,general,"ribbons,tail_accessory"
tail_ring,general,"ring_(jewelry),tail_jewelry"
tail_sex,general,"sex,tail_play"
tail_through_skirt,general,"clothed,furgonomics,skirt,tail"
tail_tied,general,"bound,tail"
tail_tuft,general,"tail,tuft"
tail_under_skirt,general,"clothed,skirt,tail"
tail_wraps,general,"tail,wraps"
tailband,general,tail_accessory
tailbutt,general,tail
tailed_beast,species,
tailed_humanoid,species,"humanoid,tail"
tailjob,general,"tail_around_penis,tail_sex"
tailless,general,
tailwag,general,tail_motion
takato_matsuki,character,
take_your_pick,general,
taking_picture,general,
tali'zorah,character,
talisman,general,
talking_feral,general,"dialogue,feral"
talking_to_another,general,
talking_to_prey,general,
talking_to_self,general,
talking_to_viewer,general,
tall,general,
tally_marks,general,
talon_hands,general,
talons,general,toes
tama-tama,character,
tan_areola,general,areola
tan_background,general,simple_background
tan_balls,general,"balls,tan_genitals"
tan_belly,general,tan_body
tan_body,general,
tan_bottomwear,general,"bottomwear,tan_clothing"
tan_breasts,general,breasts
tan_clothing,general,clothing
tan_countershading,general,"countershading,tan_body"
tan_ears,general,
tan_eyebrows,general,eyebrows
tan_face,general,
tan_feathers,general,"feathers,tan_body"
tan_fur,general,"fur,tan_body"
tan_genitals,general,genitals
tan_hair,general,hair
tan_horn,general,horn
tan_inner_ear,general,
tan_line,general,light_skin
tan_markings,general,markings
tan_nipples,general,nipples
tan_nose,general,
tan_pants,general,"pants,tan_bottomwear"
tan_penis,general,"penis,tan_genitals"
tan_scales,general,"scales,tan_body"
tan_sheath,general,"sheath,tan_genitals"
tan_skin,general,tan_body
tan_tail,general,tail
tan_tail_tip,general,dipstick_tail
tan_topwear,general,"tan_clothing,topwear"
tan_tuft,general,tuft
tan_vulva,general,"tan_genitals,vulva"
tangle_the_lemur,character,
tank_(vehicle),general,vehicle
tank_top,general,shirt
tanuki,species,raccoon_dog
tanuki_humanoid,species,"canine_humanoid,tanuki"
tany_(doneru),character,
taokaka,character,
taomon,species,digimon_(species)
tape,general,
tape_bondage,general,"bondage,tape"
tape_gag,general,"gag,tape"
tapering_penis,general,penis
tapir,species,mammal
tarantula,species,spider
tasmanian_devil,species,dasyurid
tasque_manager,character,
tassels,general,
tatsuki_midoriya,character,
tattoo,general,
tatzlpony,species,"hybrid,pony"
taunting,general,
taur,species,
taur_penetrated,general,"penetration,taur"
taur_penetrating,general,"penetration,taur"
tauren,species,"bovine,warcraft"
tavern,general,
tawna_bandicoot,character,
tea,general,beverage
tea_cup,general,cup
teacher,general,
teacher_and_student,general,"student,teacher"
teal_background,general,simple_background
teal_body,general,
teal_clothing,general,clothing
teal_eyes,general,
teal_fur,general,"fur,teal_body"
teal_genitals,general,genitals
teal_hair,general,hair
teapot,general,
tearing_clothing,general,torn_clothing
tears,general,bodily_fluids
tears_of_joy,general,"happy,tears"
tears_of_pain,general,"pain,tears"
tears_of_pleasure,general,"enjoying,tears"
teary_eyes,general,
teasing,general,
teasing_viewer,general,teasing
teats,general,
teba_(tloz),character,
technology,general,
teddiursa,species,pokemon_(species)
teddy_bear,general,plushie
teemo_(lol),character,
teemo_the_yiffer,character,
teeth,general,
telekinesis,general,
television,general,electronics
tem,species,mammal
temmie_(undertale),character,
tempest_shadow_(mlp),character,friendship_is_magic
temple,general,
tendrils,general,
tennis_ball,general,ball
tenno,species,alien_humanoid
tenrec,species,mammal
tent,general,
tentacle_around_arm,general,"arm_grab,tentacles"
tentacle_around_leg,general,"leg_grab,tentacles"
tentacle_creature,species,tentacles
tentacle_hair,general,"pseudo_hair,tentacles"
tentacle_in_ass,general,"anal_penetration,tentacle_penetration"
tentacle_in_mouth,general,"oral_penetration,tentacle_penetration"
tentacle_in_vagina,general,"tentacle_penetration,vaginal_penetration"
tentacle_ovipositor,general,"ovipositor,tentacles"
tentacle_penetration,general,"penetration,tentacles"
tentacle_rape,general,"rape,tentacle_sex"
tentacle_sex,general,"sex,tentacles"
tentaclejob,general,"penile,tentacle_sex"
tentacles,general,
tenting,general,
tepig,species,pokemon_(species)
term_of_endearment,general,
terra_macro,general,macro
terraria,copyright,
terrier,species,hunting_dog
terriermon,species,digimon_(species)
teryx_commodore,character,
tetramand,species,alien
text,general,
text_background,general,text
text_box,general,
text_emphasis,general,text
text_on_body,general,text
text_on_clothing,general,"clothing,text"
text_on_hat,general,"hat,text_on_headwear"
text_on_headwear,general,"headwear,text_on_clothing"
text_on_shirt,general,"shirt,text_on_topwear"
text_on_topwear,general,"text_on_clothing,topwear"
text_on_underwear,general,"text_on_clothing,underwear"
text_with_heart,general,"heart_symbol,text"
texting,general,
textured_background,general,simple_background
the_dark_urge_(baldur's_gate),character,baldur's_gate
the_elder_scrolls,copyright,
the_knight_(hollow_knight),character,
theropod,species,saurischian
these_aren't_my_glasses,general,obscured_eyes
thick_arms,general,
thick_bottom_lip,general,lips
thick_calves,general,
thick_eyebrows,general,eyebrows
thick_eyelashes,general,eyelashes
thick_lips,general,lips
thick_neck,general,
thick_penis,general,penis
thick_tail,general,tail
thick_thighs,general,
thief,general,
thigh_boots,general,"boots,thigh_highs"
thigh_expansion,general,expansion
thigh_gap,general,
thigh_grab,general,leg_grab
thigh_highs,general,legwear
thigh_highs_only,general,"legwear_only,mostly_nude,thigh_highs"
thigh_markings,general,leg_markings
thigh_sex,general,sex
thigh_socks,general,"socks,thigh_highs"
thigh_squish,general,squish
thigh_tattoo,general,leg_tattoo
thigh_tuft,general,leg_tuft
thighband,general,legband
thin_calves,general,
thin_eyebrows,general,
thin_legs,general,
thin_tail,general,tail
thin_thighs,general,
thinking,general,
thinking_with_portals,general,portal
thiren,species,
thomas_cat,character,
thomson's_gazelle,species,"gazelle,true_antelope"
thong,general,underwear
thong_only,general,"thong,topless,underwear_only"
thong_straps,general,straps
thorax_(mlp),character,friendship_is_magic
thorns,general,plant
thought_bubble,general,"text,thinking"
thoughtful_expression,general,thinking
thoughts,general,
threaded_by_penis,general,"all_the_way_through,penile_penetration"
threaded_by_tentacle,general,"all_the_way_through,tentacle_penetration"
threatening,general,
three-quarter_portrait,meta,portrait
three-quarter_view,general,
three_frame_sequence,meta,sequence
three_row_layout,meta,base_three_layout
threesome,general,sex
throat,general,
throat_swabbing,general,irrumatio
throbbing,general,
throbbing_balls,general,"balls,throbbing"
throbbing_penis,general,"penis,throbbing"
throne,general,chair
through_wall,general,
thrust_lines,general,
thrusting,general,
thumbs_up,general,hand_gesture
thunderlane_(mlp),character,friendship_is_magic
thylacine,species,dasyuromorph
thyreophoran,species,ornithischian
tiara,general,crown
tibetan_mountain_dog,species,"molosser,mountain_dog,pastoral_dog"
tickle_fetish,general,tickling
tickle_torture,general,tickling
tickling,general,
tickling_armpits,general,tickling
tickling_feet,general,"feet,tickling"
tied_hair,general,hair
tied_shirt,general,shirt
tiefling,species,demon_humanoid
tifa_lockhart,character,
tiger,species,pantherine
tiger_dancer_(zootopia),character,zootopia
tiger_humanoid,species,"pantherine_humanoid,tiger"
tiger_shark,species,requiem_shark
tiger_shark_(changed),character,
tight_bottomwear,general,"bottomwear,tight_clothing"
tight_clothing,general,clothing
tight_fit,general,
tight_foreskin,general,foreskin
tight_pants,general,"pants,tight_bottomwear"
tight_shirt,general,"shirt,tight_topwear"
tight_shorts,general,"shorts,tight_bottomwear"
tight_topwear,general,"tight_clothing,topwear"
tight_underwear,general,
tights,general,legwear
tighty_whities,general,white_briefs
tigrex,species,dragon
tikal_the_echidna,character,
tilde_after_text,general,
tile,general,
tile_floor,general,"floor,tile"
tile_wall,general,"tile,wall_(structure)"
timmy_nook,character,animal_crossing
timon,character,
tinkaton,species,pokemon_(species)
tinker_bell_(disney),character,
tiny_kong,character,
tiny_tiger,character,
tiptoes,general,
tire,general,
tired,general,
tired_eyes,general,tired
tissue,general,
titan_(the_owl_house),species,mammal
titfuck,general,"breast_play,penile,sex"
title,general,
toad_(frog),species,frog
toad_(mario),species,mushroom_humanoid
toadette,character,
tobi-kadachi,species,scalie
tobi_(nimzy),character,
toddler,general,young
toe_claws,general,"claws,toes"
toe_restraints,general,"restraints,toes"
toe_ring,general,"digit_ring,toes"
toeless_(marking),general,feet
toeless_footwear,general,footwear
toeless_legwear,general,legwear
toeless_socks,general,"socks,toeless_footwear"
toeless_stockings,general,toeless_legwear
toeless_thigh_highs,general,
toenails,general,"nails,toes"
toes,general,feet
toes_tied,general,toe_restraints
togekiss,species,pokemon_(species)
togruta,species,alien_humanoid
toilet,general,
toilet_paper,general,
toilet_use,general,
tom_nook_(animal_crossing),character,animal_crossing
tomboy,general,
tombstone,general,
tommy_nook,character,animal_crossing
tongue,general,
tongue_on_penis,general,
tongue_out,general,tongue
tongue_out_fellatio,general,"fellatio,tongue_out"
tongue_penetration,general,penetration
tongue_piercing,general,"jewelry,piercing,tongue"
tongue_showing,general,
tongue_wrap,general,"long_tongue,tongue_out"
tonguejob,general,"long_tongue,oral,sex,tongue_out"
tony_the_tiger,character,mascot
tony_tony_chopper,character,
tools,general,
toon_(dandy's_world),species,
toon_link,character,
toony,general,
tooth_gap,general,teeth
toothbrush,general,brush
toothed_beak,general,"beak,teeth"
toothed_whale,species,cetacean
toothless,character,
toothy_grin,general,"grin,teeth"
top_hat,general,hat
top_heavy,general,
top_hole,general,anus
topless,general,clothed
topless_anthro,general,"anthro,topless"
topless_female,general,"female,topless"
topless_male,general,"male,topless"
topwear,general,clothing
topwear_only,general,"bottomless,topwear"
topwear_pull,general,"clothing_pull,topwear"
torahiko_ooshima,character,
torch,general,
torchic,species,pokemon_(species)
toriel,character,
torn_bottomwear,general,"bottomwear,torn_clothing"
torn_clothing,general,clothing
torn_jeans,general,"jeans,torn_pants"
torn_legwear,general,"legwear,torn_clothing"
torn_pants,general,"pants,torn_bottomwear"
torn_shirt,general,"shirt,torn_topwear"
torn_shorts,general,"shorts,torn_bottomwear"
torn_stockings,general,"stockings,torn_legwear"
torn_topwear,general,"topwear,torn_clothing"
torn_underwear,general,"torn_clothing,underwear"
torogao,general,looking_pleasured
torracat,species,pokemon_(species)
torso_grab,general,grabbing
tortoise,species,turtle
torture,general,
totodile,species,pokemon_(species)
toucan,species,bird
touching_diaper,general,diaper
touching_hair,general,hair
touching_penis,general,penis
towel,general,
towel_around_neck,general,towel
towel_only,general,towel
tower,general,building
town,general,
toxtricity,species,pokemon_(species)
toy,general,
toy_bonnie_(fnaf),character,five_nights_at_freddy's
toy_chica_(fnaf),character,five_nights_at_freddy's
toy_dog,species,domestic_dog
toy_freddy_(fnaf),character,five_nights_at_freddy's
toy_gun,general,toy
toying_partner,general,"sex,sex_toy"
toying_self,general,"masturbation,sex_toy"
trace_legacy,character,
traditional_media_(artwork),meta,
traditional_painting_(artwork),meta,"painting_(artwork),traditional_media_(artwork)"
traditional_watercolor_(artwork),meta,"traditional_painting_(artwork),watercolor_(artwork)"
train,general,vehicle
train_position,general,group_sex
training,general,
training_bra,general,bra
trampling,general,
trans_man_(lore),lore,
trans_woman_(lore),lore,
transformation,general,
transformation_sequence,general,"sequence,transformation"
transformation_through_sex,general,"sex,transformation"
transgender_pride_colors,general,pride_colors
translucent,general,
translucent_body,general,translucent
translucent_clothing,general,"clothing,translucent"
translucent_dildo,general,dildo
translucent_hair,general,"hair,translucent"
translucent_legwear,general,"legwear,translucent_clothing"
translucent_penetration,general,"penetration,translucent"
translucent_penis,general,"penis,translucent"
translucent_swimwear,general,"swimwear,translucent_clothing"
translucent_tentacles,general,"tentacles,translucent"
translucent_topwear,general,translucent_clothing
translucent_underwear,general,"translucent_clothing,underwear"
translucent_wings,general,"translucent,wings"
transparent_sex_toy,general,sex_toy
trap_(contrivance),general,
trapezius,general,
trapped,general,
trapped_in_clothing,general,inside_clothing
trash,general,
trash_can,general,container
tray,general,
treasure,general,
treasure_chest,general,container
tree,general,plant
tree_hugger_(mlp),character,friendship_is_magic
tree_squirrel,species,sciurid
tree_squirrel_humanoid,species,"rodent_humanoid,tree_squirrel"
tree_stump,general,
treecko,species,pokemon_(species)
tremble_spikes,general,"emanata,trembling"
trembling,general,shaking
trenchcoat,general,coat
trevor-fox_(character),character,
triangle_bikini,general,bikini
triangle_nose,general,
tribadism,general,"sex,vaginal"
tribal,general,
tribal_clothing,general,tribal
tribal_markings,general,"markings,tribal"
tribal_spellcaster,general,"magic_user,tribal"
tribal_tattoo,general,"tattoo,tribal"
triceps,general,
triceratops,species,ceratopsid
trick-or-treating,general,halloween
trident,general,polearm
trio,general,
trio_focus,general,group
triple_penetration,general,penetration
trish_(gvh),character,
tristana_(lol),character,
trixie_(mlp),character,friendship_is_magic
troll_(homestuck),species,humanoid
troll_(mythology),species,humanoid
troodon,species,theropod
tropical,general,
truck,general,vehicle
true_antelope,species,antelope
true_fox,species,fox
true_musteline,species,musteline
true_owl,species,owl
true_parrot,species,parrot
trunk_(anatomy),general,
tsareena,species,pokemon_(species)
tsathoggua_(tas),character,
tsukino_(monster_hunter_stories),character,
tsundere,general,
tsunoda_(aggretsuko),character,aggretsuko
tube,general,
tube_top,general,topwear
tuft,general,
tulin_(tloz),character,
tunic,general,shirt
turian,species,"alien_humanoid,scalie"
turkey,species,phasianid
turtle,species,reptile
turtleneck,general,sweater
tusks,general,
tuxedo_cat,species,domestic_cat
tv_head,species,"screen_head,television"
tweetfur,character,meme
twerking,general,
twi'lek,species,alien_humanoid
twili,species,
twilight_sparkle_(eg),character,
twilight_sparkle_(mlp),character,friendship_is_magic
twilight_velvet_(mlp),character,friendship_is_magic
twin_bows,general,bow_(feature)
twin_braids,general,"braided_hair,pigtails"
twin_hair_bows,general,"hair_bow,twin_bows"
twintails_(hairstyle),general,ponytail
twitch_(lol),character,
twitching,general,
twitter_logo,general,logo
two-footed_footjob,general,footjob
two-piece_swimsuit,general,swimwear
two_doms_one_sub,general,threesome
two_panel_image,general,
two_subs_one_dom,general,threesome
two_tone_body,general,multicolored_body
two_tone_clothing,general,multicolored_clothing
two_tone_ears,general,multicolored_ears
two_tone_eyes,general,multicolored_eyes
two_tone_face,general,multicolored_face
two_tone_feathers,general,"multicolored_feathers,two_tone_body"
two_tone_footwear,general,"multicolored_footwear,two_tone_clothing"
two_tone_fur,general,"multicolored_fur,two_tone_body"
two_tone_hair,general,multicolored_hair
two_tone_horn,general,multicolored_horn
two_tone_legwear,general,"multicolored_legwear,two_tone_clothing"
two_tone_mane,general,multicolored_mane
two_tone_penis,general,multicolored_penis
two_tone_scales,general,"multicolored_scales,two_tone_body"
two_tone_shirt,general,"multicolored_shirt,two_tone_topwear"
two_tone_skin,general,"multicolored_skin,two_tone_body"
two_tone_tail,general,multicolored_tail
two_tone_topwear,general,"multicolored_topwear,two_tone_clothing"
two_tone_vulva,general,multicolored_vulva
two_tone_wings,general,multicolored_wings
typhlosion,species,pokemon_(species)
tyranitar,species,pokemon_(species)
tyrannosauroid,species,theropod
tyrannosaurus,species,tyrannosauroid
tyrannosaurus_rex,species,tyrannosaurus
tyrantrum,species,pokemon_(species)
udders,general,teats
ulti_(ultilix),character,
ultimate_mode_miraidon,species,pokemon_(species)
umbrella,general,
umbreon,species,pokemon_(species)
unbirthing,general,"vaginal,vore"
unbuttoned,general,
unbuttoned_shirt,general,"shirt,unbuttoned"
unclean_diaper,general,diaper
unconscious,general,
unconvincing_armor,general,armor
undead,species,
under_boob,general,breasts
under_covers,general,bedding
under_table,general,table
underage_pregnancy,general,"pregnant,young"
underbelly,general,
underbite,general,
undercut,general,hair
underfoot,general,feet
underhoof,general,hooves
underline,general,
undershirt,general,shirt
undersized_clothing,general,clothing
underwater,general,water
underwear,general,clothing
underwear_around_legs,general,"clothing_around_legs,underwear"
underwear_around_one_leg,general,"clothing_around_one_leg,underwear_down"
underwear_aside,general,"clothing_aside,underwear"
underwear_down,general,"partially_clothed,underwear"
underwear_only,general,"clothed,underwear"
underwear_pull,general,"clothing_pull,underwear"
underwear_sex,general,"sex,underwear"
underwear_sniffing,general,"sniffing_clothes,underwear"
undressed,general,
undressing,general,clothing
undressing_another,general,undressing
undressing_self,general,undressing
undyne,character,
uneven_balls,general,balls
unfinished,meta,
unguligrade,general,hooves
unicorn,species,"horn,mythological_equine"
unicorn_horn,general,horn
uniform,general,clothing
unikitty,character,lego
unimpressed,general,
united_states_of_america,general,
unprofessional_behavior,general,
unretracted_foreskin,general,foreskin
unseen_prey,general,
unsigned,meta,
until_they_like_it,general,
unused_condom,general,condom
unusual_anatomy,general,
unusual_bodily_fluids,general,bodily_fluids
unusual_cum,general,"cum,unusual_genital_fluids"
unusual_genital_fluids,general,"genital_fluids,unusual_bodily_fluids"
unusual_genitalia,general,"genitals,unusual_anatomy"
unusual_genitalia_placement,general,"genitals,unusual_anatomy"
unusual_lactation,general,"lactating,unusual_bodily_fluids"
unusual_penetration,general,penetration
unusual_penis,general,"penis,unusual_genitalia"
unusual_penis_placement,general,"penis,unusual_genitalia_placement"
unusual_pupils,general,
unusual_tail,general,"tail,unusual_anatomy"
unusual_wing_placement,general,"unusual_anatomy,wings"
unusual_wings,general,"unusual_anatomy,wings"
unwanted_cum_inside,general,
unwanted_ejaculation,general,
unwanted_erection,general,erection
unwilling_prey,general,
unzipped,general,zipper
unzipped_pants,general,unzipped
upset,general,
upside_down,general,
upskirt,general,clothed
upskirt_sex,general,"sex,upskirt"
uraeus,general,
urban,general,
urethra,general,
urethral,general,
urethral_bulge,general,
urethral_penetration,general,"penetration,urethral"
urinal,general,
urine,general,genital_fluids
urine_in_mouth,general,urine
urine_on_chest,general,urine
urine_on_face,general,urine
urine_on_ground,general,urine
urine_on_self,general,urine
urine_pool,general,
urine_stream,general,urine
url,meta,text
ursaring,species,pokemon_(species)
ursid_humanoid,species,"bear,mammal_humanoid"
ursine,species,bear
ursine_penis,general,animal_penis
used_diaper,general,unclean_diaper
user_avatar,general,
username,general,
utahraptor,species,dromaeosaurid
uterus,general,organs
utility_belt,general,belt
uvula,general,
uxie,species,pokemon_(species)
v-cut,general,
v_sign,general,hand_gesture
vaggie_(hazbin_hotel),character,
vaginal,general,
vaginal_birth,general,birth
vaginal_canal,general,
vaginal_fingering,general,"fingering,vaginal"
vaginal_fluid_drip,general,"dripping,vaginal_fluids"
vaginal_fluid_string,general,vaginal_fluids
vaginal_fluids,general,genital_fluids
vaginal_fluids_on_ground,general,vaginal_fluids
vaginal_fluids_on_hand,general,vaginal_fluids
vaginal_fluids_on_leg,general,vaginal_fluids
vaginal_fluids_on_penis,general,"penis,vaginal_fluids"
vaginal_fluids_on_vulva,general,"vaginal_fluids,vulva"
vaginal_fluids_through_clothing,general,"clothed,vaginal_fluids,wet_clothing"
vaginal_knotting,general,"knotting,vaginal_penetration"
vaginal_masturbation,general,"masturbation,vaginal"
vaginal_oviposition,general,oviposition
vaginal_penetration,general,"penetration,vaginal"
vaginal_squirting,general,"ejaculation,vaginal_fluids"
vaginal_squirting_while_penetrated,general,"penetration,vaginal_squirting"
valentine's_day,copyright,holidays
vambrace,general,armor
vampire,species,
vampire_bat,species,leaf-nosed_bat
vanilla_the_rabbit,character,
vanny_(fnaf),character,five_nights_at_freddy's
vaporeon,species,pokemon_(species)
vase,general,
vector_the_crocodile,character,
veemon,species,digimon_(species)
vegetable,general,"food,plant"
vehicle,general,
vehicle_for_hire,general,vehicle
veigar,character,
veil,general,
vein,general,
veiny_arms,general,vein
veiny_balls,general,"balls,vein"
veiny_breasts,general,"breasts,vein"
veiny_dildo,general,dildo
veiny_knot,general,"knot,vein"
veiny_muscles,general,vein
veiny_penis,general,"penis,vein"
velma_dinkley,character,
velvet_reindeer_(tfh),character,
venlil_(the_nature_of_predators),species,
venom_(marvel),character,
ventral_groove,general,
ventral_scales,general,scales
ventrexian,species,felid
venus_figure,general,curvy_figure
venus_spring,character,
venusaur,species,pokemon_(species)
verbal_reaction_to_tf,general,
verosika_mayday,character,
vertical_cloaca,general,cloaca
vertical_diphallism,general,diphallism
vertical_splits,general,"one_leg_up,splits,standing"
vessel_(species),species,humanoid
vest,general,topwear
vex_(lol),character,
vibrating,general,
vibrator,general,sex_toy
vibrator_in_ass,general,"sex_toy_in_ass,vibrator"
vibrator_in_vagina,general,"sex_toy_in_vagina,vibrator"
vibrator_on_penis,general,"penile,penis,vibrator"
vibri,character,
vicar_amelia,character,
victini,species,pokemon_(species)
victor_johansen,character,
viera,species,lagomorph
villager_(animal_crossing),character,animal_crossing
vines,general,plant
vinyl_scratch_(mlp),character,friendship_is_magic
viola_bat_(character),character,
violence,general,
viper,species,snake
viper_(x-com),species,scalie
virgin,general,
virgin_killer_sweater,general,"meme_clothing,sweater"
virginia_opossum,species,american_opossum
virizion,species,pokemon_(species)
visibly_trans,general,
visor,general,
visor_cap,general,hat
vitani_(the_lion_king),character,
vivarium,general,
viverrid,species,mammal
vivian_(mario),character,
vocalization,general,
volcano,general,
volibear,character,
volleyball,general,sport
volleyball_(ball),general,ball
volos_(tas),character,
voluptuous,general,curvy_figure
voluptuous_anthro,general,"anthro,voluptuous"
voluptuous_female,general,"female,voluptuous"
voluptuous_gynomorph,general,"gynomorph,voluptuous"
vombatiform,species,marsupial
von_lycaon,character,
voodoo,general,
vore,general,
vortex_(helluva_boss),character,
vowelless,general,
vowelless_sound_effect,general,"sound_effects,vowelless"
vowelless_vocalization,general,"vocalization,vowelless"
voyeur,general,
vtuber,copyright,
vulpera,species,"canid,warcraft"
vulpix,species,pokemon_(species)
vulture,species,accipitriform
vulva,general,genitals
vulva_blush,general,"body_blush,vulva"
vulva_close-up,general,"genital_close-up,vulva"
vulva_focus,general,"genital_focus,vulva"
vulva_outline,general,camel_toe
vulva_piercing,general,"genital_piercing,vulva"
vulva_ring,general,"ring_(jewelry),ring_piercing,vulva_piercing"
waaifu_(arknights),character,
waddling_head,species,
waist_grab,general,grabbing
waiter,general,
waking_up,general,
wakko_warner,character,
walk-in,general,
walking,general,
wall_(structure),general,
wallaby,species,macropod
wallpaper,meta,
walrus,species,pinniped
wand,general,
wand_vibrator,general,vibrator
warcraft,copyright,
wardrobe_malfunction,general,clothing
warfare_flint,character,
warfare_goat,character,
warfare_krystal,character,
warfare_renamon,character,
warfare_rouge,character,
wargreymon,species,digimon_(species)
warhammer,general,weapon
warhammer_(franchise),copyright,
wariza,general,sitting
warm_colors,meta,
warrior,general,
warthog,species,suid
wartortle,species,pokemon_(species)
warwick_(lol),character,
wasp,species,hymenopteran
wasp_waist,general,small_waist
watch,general,clock
water,general,
water_bottle,general,bottle
water_creature,species,"elemental_creature,water"
water_deer,species,deer
watercolor_(artwork),meta,painting_(artwork)
watercraft,general,vehicle
waterfall,general,
watermark,meta,
watermelon,general,fruit
watersports,general,urine
wave,general,
wave_the_swallow,character,
waving,general,gesture
waving_at_viewer,general,waving
wavy_hair,general,hair
wavy_mouth,general,
weapon,general,
weapon_tail,general,tail
wearing_chastity_cage,general,"chastity_cage,wearing_chastity_device"
wearing_chastity_device,general,chastity_device
wearing_condom,general,condom
wearing_diaper,general,"clothed,diaper"
wearing_glasses,general,glasses
wearing_hat,general,
wearing_mask,general,mask
wearing_sunglasses,general,sunglasses
weasel,species,true_musteline
weavile,species,pokemon_(species)
web_bondage,general,"arthropod_webbing,bound"
webbed_feet,general,"membrane_(anatomy),toes"
webbed_hands,general,membrane_(anatomy)
webby_vanderquack,character,
website_logo,general,logo
wedding,general,
wedding_dress,general,dress
wedding_ring,general,finger_ring
wedgie,general,
weight_gain,general,
weightlifting,general,workout
weights,general,
welsh_corgi,species,herding_dog
wendell_(fortnite),character,
wendigo,species,
wendy_o._koopa,character,koopaling
werecanid,species,"canid,werecreature"
werecanine,species,"canine,werecanid"
werecanis,species,"canis,werecanine"
werecreature,species,
weredog,species,"domestic_dog,werecanis"
werefelid,species,"felid,werecreature"
werefox,species,"fox,werecanine"
werefox_(character),character,
weregarurumon,species,digimon_(species)
werehog,species,"hedgehog,werecreature"
werewolf,species,"mythological_canine,werecanis,wolf"
western_dragon,species,dragon
western_tally_marks,general,tally_marks
wet,general,
wet_body,general,wet
wet_clothing,general,"clothing,wet"
wet_diaper,general,"urine,used_diaper"
wet_dream,general,
wet_fur,general,"fur,wet_body"
wet_hair,general,hair
wet_panties,general,"panties,wet_underwear"
wet_penis,general,"penis,wet"
wet_shirt,general,"shirt,wet_clothing"
wet_underwear,general,"underwear,wet_clothing"
wetness_indicator,general,
wetting,general,urine
wetting_diaper,general,"dirty_diaper,wet_diaper,wetting"
whale,species,cetacean
whale_shark,species,carpet_shark
what,general,
what_has_science_done,general,
wheel,general,
where_is_your_god_now,general,
whimsicott,species,pokemon_(species)
whip,general,
whip_mark,general,
whipped_cream,general,food
whisker_markings,general,markings
whisker_spots,general,
whiskers,general,
whisper_the_wolf,character,
whistle_(object),general,
white-tailed_deer,species,new_world_deer
white_anus,general,anus
white_arms,general,
white_armwear,general,"armwear,white_clothing"
white_background,general,simple_background
white_balls,general,"balls,white_genitals"
white_beard,general,"beard,white_facial_hair"
white_belly,general,white_body
white_bikini,general,"bikini,white_swimwear"
white_body,general,
white_boots,general,"boots,white_footwear"
white_border,general,border
white_bottomwear,general,"bottomwear,white_clothing"
white_bra,general,"bra,white_underwear"
white_breasts,general,breasts
white_briefs,general,"briefs,white_underwear"
white_butt,general,butt
white_canine_(marimo),character,
white_claws,general,claws
white_clothing,general,clothing
white_countershading,general,"countershading,white_body"
white_diaper,general,diaper
white_dress,general,"dress,white_clothing"
white_dress_shirt,general,
white_ear_tips,general,dipstick_ears
white_ears,general,
white_elbow_gloves,general,"elbow_gloves,white_armwear,white_gloves"
white_eyebrows,general,eyebrows
white_eyes,general,
white_face,general,
white_facial_hair,general,facial_hair
white_feathers,general,"feathers,white_body"
white_feet,general,feet
white_footwear,general,"footwear,white_clothing"
white_fundoshi,general,"fundoshi,white_underwear"
white_fur,general,"fur,white_body"
white_genitals,general,genitals
white_gloves,general,"gloves,white_clothing"
white_hair,general,hair
white_hands,general,
white_hat,general,"hat,white_headwear"
white_head,general,
white_headwear,general,"headwear,white_clothing"
white_highlights,general,highlights_(coloring)
white_horn,general,horn
white_inner_ear,general,
white_jacket,general,"jacket,white_topwear"
white_legs,general,
white_legwear,general,"legwear,white_clothing"
white_mane,general,mane
white_markings,general,markings
white_nails,general,colored_nails
white_nipples,general,nipples
white_nose,general,
white_outline,general,outline
white_panties,general,"panties,white_underwear"
white_pants,general,"pants,white_bottomwear"
white_pawpads,general,pawpads
white_paws,general,paws
white_penis,general,"penis,white_genitals"
white_perineum,general,perineum
white_pubes,general,pubes
white_pupils,general,
white_scales,general,"scales,white_body"
white_shark,species,mackerel_shark
white_sheath,general,"sheath,white_genitals"
white_shirt,general,"shirt,white_topwear"
white_shoes,general,"shoes,white_footwear"
white_shorts,general,"shorts,white_bottomwear"
white_skin,general,white_body
white_socks,general,"socks,white_footwear"
white_speech_bubble,general,
white_spots,general,spots
white_stockings,general,"stockings,white_legwear"
white_stripes,general,stripes
white_swimwear,general,"swimwear,white_clothing"
white_tail,general,tail
white_tail_tip,general,dipstick_tail
white_text,general,text
white_thigh_highs,general,"thigh_highs,white_legwear"
white_topwear,general,"topwear,white_clothing"
white_tuft,general,tuft
white_underwear,general,"underwear,white_clothing"
white_vulva,general,"vulva,white_genitals"
white_whiskers,general,whiskers
white_wings,general,wings
white_wool,general,"white_fur,wool_(fur)"
whitney_(animal_crossing),character,animal_crossing
why,general,
wickerbeast,species,
wide_crotch,general,
wide_eyed,general,
wide_hipped_anthro,general,
wide_hipped_female,general,
wide_hipped_gynomorph,general,
wide_hipped_humanoid,general,
wide_hipped_intersex,general,
wide_hipped_male,general,
wide_hips,general,
wide_stance,general,
widescreen,meta,
wife,general,
wigglytuff,species,pokemon_(species)
wild_boar,species,sus_(pig)
wild_west,general,
wildcat,species,felis
wile_e._coyote,character,
will_(harmarist),character,
willing_prey,general,
wilykit,character,
wince,general,
wind,general,
wind_instrument,general,musical_instrument
window,general,
windy_whistles_(mlp),character,friendship_is_magic
wine,general,alcohol
wine_bottle,general,alcohol_bottle
wine_glass,general,drinking_glass
wing_boner,general,spread_wings
wing_claws,general,"claws,wings"
winged_arms,general,wings
winged_humanoid,species,"humanoid,wings"
winged_unicorn,species,"unicorn,wings"
wingless_bat,species,bat
wingless_dragon,species,dragon
wings,general,
wings_tied,general,"bound,wings"
wink,general,one_eye_closed
winking_at_viewer,general,"looking_at_viewer,wink"
winnie_werewolf_(ghoul_school),character,
winnie_werewolf_(hotel_transylvania),character,
winter,general,
wire,general,
witch,general,magic_user
witch_(the_owl_house),species,
witch_costume,general,
witch_doctor_(terraria),character,terraria
witch_hat,general,hat
withered_bonnie_(fnaf),character,five_nights_at_freddy's
wizard_hat,general,hat
wobbling,general,
wolf,species,canis
wolf_(lol),character,
wolf_(petruz),character,
wolf_humanoid,species,"canine_humanoid,wolf"
wolf_o'donnell,character,
wolf_tail,general,tail
wolfdog,species,"canis,hybrid"
wolpertinger,species,"horn,lagomorph,wings"
wolverine,species,"gulonine,musteline"
womb_tattoo,general,tattoo
wonderbolts_(mlp),character,friendship_is_magic
wood,general,
wood_floor,general,"floor,wood"
wood_furniture,general,"furniture,wood"
wood_mouse,species,murine
wood_wall,general,"wall_(structure),wood"
woodpecker,species,bird
wool_(fur),general,fur
wooloo,species,pokemon_(species)
worgen,species,"warcraft,werecanid"
workout,general,exercise
workout_clothing,general,
worm,species,
worm's-eye_view,general,low-angle_view
worried,general,
wounded,general,
wrapped_arms,general,
wrapped_condom,general,unused_condom
wraps,general,
wrench,general,tools
wrestler,general,
wrestling,general,
wrestling_mask,general,sports_mask
wrestling_singlet,general,clothing
wrinkled_feet,general,"feet,wrinkles"
wrinkles,general,
wrist_cuffs,general,cuff_(restraint)
wrist_grab,general,grabbing
wrist_tuft,general,arm_tuft
wrist_wraps,general,wraps
wristband,general,
wristwatch,general,watch
writing_on_belly,general,body_writing
writing_on_butt,general,body_writing
writing_on_chest,general,body_writing
writing_on_thigh,general,body_writing
wyvern,species,dragon
x-digimon,species,digimon_(species)
x-ray_view,general,
x_anus,general,anus
x_eyes,general,
xenarthran,species,mammal
xenomorph,species,alien
xenomorph_queen,species,xenomorph
xerneas,species,pokemon_(species)
xero_(captainscales),character,
y2k_(fashion),general,
y2k_(graphic_design),general,
y_anus,general,anus
yak,species,bovine
yakko_warner,character,
yasuyori_(tas),character,
yautja,species,alien_humanoid
yawn,general,open_mouth
ych_(character),character,
year,general,
yelling,general,
yellow_anus,general,anus
yellow_areola,general,areola
yellow_background,general,simple_background
yellow_balls,general,"balls,yellow_genitals"
yellow_beak,general,beak
yellow_belly,general,yellow_body
yellow_bikini,general,"bikini,yellow_swimwear"
yellow_body,general,
yellow_border,general,border
yellow_bottomwear,general,"bottomwear,yellow_clothing"
yellow_claws,general,claws
yellow_clothing,general,clothing
yellow_countershading,general,"countershading,yellow_body"
yellow_dress,general,"dress,yellow_clothing"
yellow_ears,general,
yellow_eyes,general,
yellow_face,general,
yellow_feathers,general,"feathers,yellow_body"
yellow_feet,general,feet
yellow_footwear,general,"footwear,yellow_clothing"
yellow_fur,general,"fur,yellow_body"
yellow_genitals,general,genitals
yellow_gloves,general,"gloves,yellow_clothing"
yellow_headwear,general,"headwear,yellow_clothing"
yellow_horn,general,horn
yellow_inner_ear,general,
yellow_makeup,general,makeup
yellow_markings,general,markings
yellow_nails,general,colored_nails
yellow_nipples,general,nipples
yellow_nose,general,
yellow_pawpads,general,pawpads
yellow_penis,general,"penis,yellow_genitals"
yellow_pupils,general,
yellow_scales,general,"scales,yellow_body"
yellow_sclera,general,
yellow_shirt,general,"shirt,yellow_topwear"
yellow_skin,general,yellow_body
yellow_stripes,general,stripes
yellow_swimwear,general,"swimwear,yellow_clothing"
yellow_tail,general,tail
yellow_teeth,general,teeth
yellow_text,general,text
yellow_tongue,general,tongue
yellow_topwear,general,"topwear,yellow_clothing"
yellow_tuft,general,tuft
yellow_underwear,general,"underwear,yellow_clothing"
yellow_vulva,general,"vulva,yellow_genitals"
yellow_wings,general,wings
yeti,species,mammal
yi_(nine_sols),character,
yin_yang,general,
yinglet,species,mammal
yoga,general,
yoga_pants,general,pants
yohack,character,
yokai,species,
yordle,species,humanoid
yorha_2b,character,
yoshi,species,scalie
yoshi_(character),character,
young,general,
young_ambiguous,general,"ambiguous_gender,young"
young_anthro,general,"anthro,young"
young_but_hung,general,
young_female,general,"female,young"
young_feral,general,"feral,young"
young_human,general,"human,young"
young_humanoid,general,"humanoid,young"
young_intersex,general,"intersex,young"
young_link,character,
young_male,general,"male,young"
young_on_young,general,young
young_penetrated,general,"penetration,young"
young_penetrating,general,"penetration,young"
young_raped,general,"rape,young"
younger_anthro,general,"age_difference,anthro"
younger_dom_older_sub,general,age_difference
younger_female,general,"age_difference,female"
younger_human,general,age_difference
younger_male,general,"age_difference,male"
younger_penetrated,general,"age_difference,penetration"
youtuber,general,
yuki_(evov1),character,
yuni_hermit,character,
yuumi_(lol),character,
yveltal,species,pokemon_(species)
zabivaka,character,mascot
zacian,species,pokemon_(species)
zaire_(nightdancer),character,
zangoose,species,pokemon_(species)
zebra,species,equine
zebstrika,species,pokemon_(species)
zecora_(mlp),character,friendship_is_magic
zeena,character,
zekrom,species,pokemon_(species)
zen_(twokinds),character,
zeraora,species,pokemon_(species)
zero_pictured,general,
zero_suit,general,
zeti,species,humanoid
zhali,character,
zhen_(kung_fu_panda),character,
zig_zag,character,
zigzagoon,species,pokemon_(species)
zim_(invader_zim),character,
zinogre,species,scalie
zinovy,character,
zipp_storm_(mlp),character,
zipper,general,
zipper_down,general,
zira_(the_lion_king),character,
zombie,species,undead
zonai,species,
zonkey,species,"equine,hybrid"
zoologist_(terraria),character,terraria
zootopia,copyright,
zora,species,aquatic_humanoid
zoroark,species,pokemon_(species)
zorori,character,
zorua,species,pokemon_(species)
zubat,species,pokemon_(species)
zzz,general,"sleeping,vowelless_sound_effect"
